FIPS,State,County,Years of Potential Life Lost Rate,Average Number of Physically Unhealthy Days,Average Number of Mentally Unhealthy Days,% Fair or Poor Health,Injury Death Rate,Primary Care Physicians Rate,% Uninsured,% Unemployed,Income Ratio,% Children in Poverty,Median Household Income,Life Expectancy,Drug Overdose Mortality Rate,Firearm Fatalities Rate,Homicide Rate,High School Graduation Rate,% Adults with Obesity,% Adults Reporting Currently Smoking,% Rural,Population
01001,Alabama,Autauga,9938.0,4.3,5.8,18.0,66.0,44.0,8.0,2.2,4.3,17.0,68857.0,74.8,11.0,17.0,8.0,83.0,38.0,15.0,40.7,60342.0
01003,Alabama,Baldwin,8957.0,3.9,6.0,17.0,82.0,63.0,10.0,2.3,4.4,14.0,74248.0,76.6,32.0,15.0,4.0,87.0,37.0,15.0,37.6,253507.0
01005,Alabama,Barbour,12739.0,5.4,6.3,28.0,86.0,40.0,12.0,4.4,5.6,35.0,45298.0,72.7,16.0,27.0,13.0,75.0,44.0,22.0,65.9,24585.0
01007,Alabama,Bibb,11709.0,5.1,6.6,25.0,100.0,67.0,11.0,2.5,5.3,21.0,56025.0,73.0,27.0,22.0,8.0,91.0,41.0,22.0,100.0,21868.0
01009,Alabama,Blount,11898.0,4.8,6.4,23.0,98.0,20.0,13.0,2.1,4.6,17.0,64962.0,72.9,24.0,18.0,6.0,94.0,37.0,20.0,90.5,59816.0
01011,Alabama,Bullock,15998.0,5.8,6.5,35.0,116.0,19.0,11.0,2.4,6.8,40.0,36204.0,71.0,,30.0,21.0,83.0,49.0,25.0,100.0,9897.0
01013,Alabama,Butler,14616.0,5.2,6.3,26.0,121.0,26.0,10.0,2.9,5.2,37.0,44729.0,71.5,21.0,28.0,18.0,76.0,46.0,20.0,69.4,18382.0
01015,Alabama,Calhoun,14260.0,5.0,6.6,22.0,99.0,59.0,12.0,2.8,4.9,29.0,51841.0,70.8,34.0,24.0,10.0,92.0,38.0,18.0,36.5,116429.0
01017,Alabama,Chambers,12569.0,4.8,6.3,27.0,97.0,41.0,13.0,2.4,5.1,26.0,50390.0,71.9,12.0,26.0,11.0,83.0,45.0,21.0,50.7,34079.0
01019,Alabama,Cherokee,12681.0,4.9,6.1,20.0,110.0,44.0,13.0,2.4,4.5,21.0,56400.0,72.4,20.0,23.0,6.0,93.0,40.0,18.0,100.0,25666.0
01021,Alabama,Chilton,11803.0,4.7,6.0,20.0,98.0,22.0,13.0,2.2,4.0,22.0,59165.0,72.7,25.0,18.0,5.0,86.0,36.0,16.0,85.5,46431.0
01023,Alabama,Choctaw,12977.0,5.1,6.4,27.0,123.0,40.0,11.0,4.0,5.5,36.0,47432.0,73.1,,,,83.0,46.0,21.0,100.0,12252.0
01025,Alabama,Clarke,16382.0,5.2,6.6,26.0,102.0,40.0,11.0,5.0,5.6,29.0,50868.0,69.9,15.0,22.0,10.0,84.0,44.0,21.0,100.0,22337.0
01027,Alabama,Clay,13313.0,5.1,6.4,25.0,122.0,28.0,11.0,2.4,4.9,25.0,52077.0,71.9,,21.0,,83.0,40.0,22.0,100.0,14111.0
01029,Alabama,Cleburne,12586.0,4.9,6.2,23.0,110.0,26.0,12.0,2.3,4.6,22.0,59526.0,72.1,,31.0,11.0,98.0,39.0,21.0,100.0,15639.0
01031,Alabama,Coffee,10339.0,4.6,5.7,20.0,78.0,52.0,12.0,2.5,5.2,21.0,64737.0,74.2,10.0,25.0,8.0,91.0,34.0,15.0,47.5,55643.0
01033,Alabama,Colbert,12370.0,4.6,6.0,22.0,87.0,66.0,11.0,2.9,4.7,21.0,57770.0,73.0,19.0,23.0,6.0,92.0,41.0,19.0,40.3,58361.0
01035,Alabama,Conecuh,18928.0,5.3,6.3,26.0,124.0,44.0,11.0,3.5,5.3,43.0,46702.0,69.0,32.0,34.0,18.0,93.0,45.0,20.0,100.0,11174.0
01037,Alabama,Coosa,14410.0,4.8,6.2,24.0,108.0,,9.0,2.6,4.0,28.0,59736.0,72.2,,25.0,14.0,,43.0,20.0,100.0,10268.0
01039,Alabama,Covington,14664.0,4.9,6.6,22.0,105.0,48.0,11.0,2.7,5.6,22.0,50119.0,70.6,22.0,23.0,7.0,95.0,45.0,19.0,68.8,37952.0
01041,Alabama,Crenshaw,13952.0,5.0,6.3,24.0,99.0,23.0,13.0,2.7,5.8,27.0,49128.0,70.4,,24.0,12.0,88.0,40.0,20.0,100.0,13101.0
01043,Alabama,Cullman,11853.0,4.8,6.2,22.0,100.0,48.0,12.0,2.0,4.6,21.0,61231.0,72.9,31.0,15.0,4.0,94.0,40.0,19.0,75.6,92016.0
01045,Alabama,Dale,11939.0,5.0,5.9,23.0,83.0,28.0,10.0,2.5,4.8,22.0,54697.0,73.0,16.0,25.0,7.0,89.0,44.0,19.0,50.5,49871.0
01047,Alabama,Dallas,20427.0,5.4,6.5,28.0,135.0,72.0,10.0,5.4,5.6,47.0,39013.0,67.7,24.0,48.0,41.0,81.0,51.0,20.0,44.9,36165.0
01049,Alabama,DeKalb,11969.0,5.3,6.4,28.0,100.0,40.0,15.0,2.3,4.8,29.0,50614.0,72.4,23.0,18.0,3.0,92.0,39.0,23.0,88.3,72569.0
01051,Alabama,Elmore,9508.0,4.4,5.9,19.0,69.0,22.0,9.0,2.1,4.0,17.0,73125.0,74.6,11.0,20.0,9.0,86.0,36.0,16.0,71.2,90441.0
01053,Alabama,Escambia,15045.0,5.6,6.8,26.0,130.0,30.0,12.0,3.1,5.4,29.0,50333.0,70.1,49.0,19.0,13.0,90.0,44.0,22.0,65.3,36558.0
01055,Alabama,Etowah,14706.0,4.7,5.9,22.0,99.0,74.0,11.0,2.8,4.9,26.0,52504.0,70.2,26.0,23.0,8.0,89.0,41.0,19.0,43.2,103241.0
01057,Alabama,Fayette,14667.0,5.3,6.6,25.0,108.0,99.0,12.0,2.9,5.5,22.0,49235.0,70.7,39.0,18.0,,88.0,39.0,22.0,100.0,15967.0
01059,Alabama,Franklin,13059.0,5.2,6.2,26.0,108.0,41.0,14.0,2.6,4.6,34.0,49682.0,71.5,27.0,13.0,5.0,95.0,40.0,20.0,69.0,31802.0
01061,Alabama,Geneva,14287.0,5.4,6.9,23.0,92.0,30.0,12.0,2.4,4.4,27.0,50006.0,70.6,16.0,16.0,,96.0,38.0,18.0,99.4,26988.0
01063,Alabama,Greene,16287.0,5.8,6.9,34.0,104.0,39.0,9.0,4.8,5.2,47.0,34619.0,70.6,,33.0,,88.0,51.0,24.0,100.0,7341.0
01065,Alabama,Hale,15927.0,5.2,6.3,26.0,98.0,20.0,11.0,3.3,6.0,32.0,42380.0,69.9,,37.0,21.0,93.0,44.0,19.0,100.0,14888.0
01067,Alabama,Henry,10894.0,4.9,6.2,26.0,95.0,34.0,11.0,2.6,5.8,23.0,55598.0,74.2,,28.0,11.0,93.0,38.0,22.0,100.0,17899.0
01069,Alabama,Houston,11251.0,4.5,6.1,22.0,78.0,82.0,12.0,2.6,5.2,25.0,59412.0,73.5,16.0,24.0,10.0,90.0,38.0,19.0,34.3,108462.0
01071,Alabama,Jackson,13932.0,5.1,6.4,24.0,93.0,51.0,13.0,2.5,4.6,19.0,51479.0,70.9,11.0,25.0,7.0,94.0,39.0,21.0,75.3,53467.0
01073,Alabama,Jefferson,13164.0,4.1,5.5,20.0,122.0,111.0,10.0,2.5,5.5,22.0,64726.0,72.4,50.0,35.0,26.0,89.0,40.0,15.0,12.1,662895.0
01075,Alabama,Lamar,12036.0,5.0,6.6,22.0,96.0,,11.0,2.8,5.1,23.0,50929.0,72.4,,,,88.0,38.0,19.0,100.0,13661.0
01077,Alabama,Lauderdale,9937.0,4.6,6.0,19.0,82.0,54.0,11.0,2.5,4.8,17.0,63895.0,74.9,19.0,14.0,6.0,94.0,37.0,16.0,52.2,96814.0
01079,Alabama,Lawrence,13633.0,5.0,6.4,24.0,101.0,18.0,12.0,2.3,4.3,19.0,61064.0,71.1,,24.0,9.0,94.0,41.0,21.0,100.0,33502.0
01081,Alabama,Lee,7894.0,4.1,5.8,20.0,65.0,50.0,10.0,2.3,6.4,15.0,62301.0,77.1,12.0,18.0,9.0,90.0,35.0,16.0,26.4,183215.0
01083,Alabama,Limestone,8777.0,4.2,5.5,18.0,65.0,34.0,9.0,2.1,4.4,11.0,81811.0,76.1,7.0,17.0,6.0,88.0,36.0,16.0,51.0,114654.0
01085,Alabama,Lowndes,19891.0,5.4,6.3,30.0,130.0,10.0,9.0,4.6,6.4,42.0,42011.0,67.6,,61.0,46.0,78.0,50.0,22.0,100.0,9717.0
01087,Alabama,Macon,15397.0,5.0,6.3,28.0,113.0,32.0,10.0,3.2,5.4,41.0,40710.0,71.4,,47.0,45.0,83.0,48.0,19.0,53.9,18370.0
01089,Alabama,Madison,9054.0,3.9,5.5,17.0,76.0,86.0,8.0,2.0,4.9,14.0,86172.0,76.5,29.0,18.0,8.0,93.0,36.0,14.0,17.1,412600.0
01091,Alabama,Marengo,14679.0,4.8,6.1,26.0,107.0,42.0,10.0,3.3,6.6,33.0,47228.0,70.8,,25.0,16.0,88.0,46.0,20.0,67.8,18684.0
01093,Alabama,Marion,12544.0,5.1,6.3,23.0,77.0,24.0,11.0,2.9,4.9,24.0,48829.0,72.4,,20.0,,91.0,40.0,19.0,100.0,29244.0
01095,Alabama,Marshall,12809.0,4.9,6.1,21.0,94.0,55.0,12.0,2.1,4.7,22.0,59882.0,71.9,26.0,16.0,5.0,91.0,39.0,17.0,53.7,100756.0
01097,Alabama,Mobile,12656.0,4.5,5.9,25.0,94.0,71.0,12.0,3.1,5.1,25.0,55538.0,72.6,27.0,26.0,18.0,83.0,42.0,19.0,22.4,411640.0
01099,Alabama,Monroe,15785.0,5.2,6.5,26.0,96.0,46.0,11.0,4.3,5.6,28.0,49314.0,70.8,18.0,21.0,17.0,83.0,43.0,21.0,78.3,19229.0
01101,Alabama,Montgomery,13219.0,4.5,5.8,25.0,87.0,97.0,11.0,2.8,5.1,26.0,60063.0,72.7,17.0,35.0,26.0,69.0,45.0,18.0,12.4,224980.0
01103,Alabama,Morgan,12502.0,4.5,6.2,22.0,98.0,51.0,12.0,2.0,4.8,17.0,70387.0,72.8,27.0,25.0,11.0,91.0,39.0,18.0,38.4,125133.0
01105,Alabama,Perry,17917.0,5.8,6.7,33.0,95.0,36.0,10.0,5.0,3.3,50.0,34176.0,68.8,,23.0,,93.0,50.0,24.0,100.0,7738.0
01107,Alabama,Pickens,13197.0,5.1,6.0,26.0,104.0,37.0,10.0,3.0,5.3,30.0,47372.0,71.5,19.0,13.0,,93.0,44.0,20.0,100.0,18688.0
01109,Alabama,Pike,13497.0,4.9,6.3,22.0,73.0,42.0,11.0,2.7,6.0,33.0,50675.0,71.6,,24.0,14.0,90.0,41.0,16.0,56.2,33137.0
01111,Alabama,Randolph,11834.0,5.0,6.4,24.0,100.0,27.0,13.0,2.4,5.6,25.0,57148.0,73.1,15.0,23.0,6.0,90.0,41.0,20.0,100.0,22786.0
01113,Alabama,Russell,14160.0,4.9,6.2,26.0,127.0,17.0,12.0,2.8,4.9,27.0,52312.0,71.0,29.0,35.0,20.0,93.0,47.0,20.0,40.4,58744.0
01115,Alabama,St. Clair,11878.0,4.6,6.2,18.0,106.0,18.0,10.0,2.1,3.8,14.0,78349.0,72.8,42.0,20.0,6.0,86.0,33.0,15.0,67.1,95552.0
01117,Alabama,Shelby,6795.0,3.6,5.5,15.0,64.0,77.0,8.0,1.8,3.9,9.0,90280.0,79.4,25.0,13.0,4.0,95.0,32.0,11.0,24.0,233000.0
01119,Alabama,Sumter,15670.0,5.1,6.2,30.0,122.0,58.0,9.0,3.7,4.4,45.0,37021.0,71.3,,36.0,21.0,73.0,45.0,21.0,100.0,11727.0
01121,Alabama,Talladega,15316.0,5.1,6.0,24.0,103.0,26.0,10.0,2.8,5.5,23.0,59491.0,70.5,15.0,32.0,17.0,92.0,43.0,19.0,58.7,81132.0
01123,Alabama,Tallapoosa,12183.0,4.9,6.3,23.0,94.0,46.0,12.0,2.5,4.9,23.0,60583.0,72.8,12.0,23.0,9.0,88.0,42.0,18.0,78.4,40677.0
01125,Alabama,Tuscaloosa,10422.0,4.5,6.5,21.0,72.0,63.0,9.0,2.3,5.3,24.0,61117.0,74.5,21.0,17.0,9.0,85.0,41.0,18.0,31.1,237373.0
01127,Alabama,Walker,18377.0,5.0,6.5,25.0,124.0,46.0,12.0,2.6,5.4,23.0,57950.0,67.8,51.0,23.0,9.0,86.0,43.0,22.0,79.7,64728.0
01129,Alabama,Washington,12864.0,5.1,6.4,25.0,99.0,7.0,10.0,2.6,8.3,26.0,57311.0,72.6,,23.0,13.0,92.0,42.0,21.0,100.0,15022.0
01131,Alabama,Wilcox,19439.0,5.7,6.7,34.0,153.0,10.0,12.0,8.0,6.8,49.0,34426.0,68.7,,64.0,40.0,78.0,49.0,25.0,100.0,9944.0
01133,Alabama,Winston,12031.0,5.1,6.5,21.0,104.0,38.0,12.0,2.7,4.6,24.0,52280.0,72.7,23.0,27.0,8.0,93.0,36.0,18.0,100.0,23611.0
06001,California,Alameda,5217.0,3.8,5.3,15.0,52.0,112.0,4.0,4.1,,9.0,119230.0,82.0,20.0,9.0,7.0,89.0,19.0,10.0,0.5,1622188.0
06003,California,Alpine,,4.4,5.9,15.0,312.0,0.0,6.0,6.5,4.2,27.0,83265.0,,,,,,30.0,13.0,100.0,1141.0
06005,California,Amador,7567.0,4.4,5.7,16.0,107.0,46.0,6.0,5.1,4.1,14.0,80767.0,78.5,20.0,21.0,7.0,92.0,27.0,13.0,69.2,41811.0
06007,California,Butte,9316.0,4.9,6.2,18.0,114.0,59.0,8.0,5.2,5.4,21.0,63084.0,75.7,48.0,12.0,4.0,88.0,32.0,14.0,21.0,207172.0
06009,California,Calaveras,7926.0,4.8,6.0,17.0,100.0,39.0,7.0,4.2,4.7,16.0,77041.0,78.8,20.0,16.0,4.0,95.0,29.0,15.0,82.0,46565.0
06011,California,Colusa,6184.0,5.2,6.0,24.0,74.0,27.0,10.0,13.0,4.9,14.0,66675.0,79.2,17.0,,,90.0,32.0,15.0,42.7,22037.0
06013,California,Contra Costa,5577.0,3.9,5.1,16.0,56.0,101.0,5.0,4.1,4.7,10.0,122000.0,81.2,22.0,8.0,6.0,91.0,28.0,11.0,1.0,1155025.0
06015,California,Del Norte,11533.0,5.1,6.2,24.0,128.0,60.0,8.0,5.7,5.0,21.0,70231.0,73.8,57.0,18.0,10.0,87.0,34.0,19.0,43.7,26589.0
06017,California,El Dorado,6327.0,3.8,5.2,13.0,75.0,76.0,5.0,4.0,4.8,8.0,107063.0,80.6,23.0,9.0,2.0,94.0,25.0,11.0,36.7,192215.0
06019,California,Fresno,9008.0,5.0,6.0,24.0,72.0,68.0,8.0,7.5,5.1,23.0,71271.0,75.9,20.0,12.0,9.0,82.0,39.0,14.0,11.3,1017162.0
06021,California,Glenn,9723.0,5.2,6.1,23.0,96.0,17.0,9.0,6.3,3.9,15.0,64197.0,75.4,41.0,13.0,8.0,86.0,34.0,16.0,41.2,28129.0
06023,California,Humboldt,9668.0,4.9,6.3,20.0,114.0,61.0,7.0,4.6,5.2,19.0,61307.0,75.8,47.0,16.0,8.0,92.0,33.0,17.0,31.5,133985.0
06025,California,Imperial,8703.0,5.7,5.9,29.0,61.0,25.0,9.0,17.3,5.5,22.0,58768.0,76.2,21.0,7.0,5.0,86.0,39.0,14.0,18.4,179057.0
06027,California,Inyo,10431.0,4.6,5.7,17.0,99.0,69.0,7.0,3.8,4.8,14.0,71656.0,76.6,50.0,12.0,,91.0,30.0,14.0,42.1,18527.0
06029,California,Kern,10697.0,5.0,5.7,26.0,99.0,48.0,8.0,8.3,4.9,25.0,68436.0,74.2,49.0,16.0,12.0,85.0,36.0,17.0,13.4,913820.0
06031,California,Kings,8188.0,5.2,6.0,26.0,63.0,37.0,7.0,8.2,4.1,20.0,65768.0,76.6,18.0,8.0,7.0,70.0,32.0,16.0,10.9,152682.0
06033,California,Lake,12237.0,5.0,6.1,19.0,179.0,42.0,8.0,5.8,5.4,22.0,57945.0,74.1,86.0,17.0,9.0,84.0,31.0,14.0,40.8,67878.0
06035,California,Lassen,11258.0,5.1,6.2,21.0,132.0,27.0,6.0,5.2,4.4,17.0,77743.0,74.9,39.0,19.0,9.0,88.0,33.0,17.0,72.5,28861.0
06037,California,Los Angeles,6746.0,4.6,5.6,19.0,53.0,75.0,9.0,5.0,5.3,18.0,86499.0,79.4,23.0,8.0,6.0,86.0,26.0,11.0,0.9,9663345.0
06039,California,Madera,8648.0,5.6,6.2,25.0,74.0,47.0,10.0,7.5,4.7,24.0,66084.0,76.5,18.0,10.0,7.0,88.0,35.0,15.0,38.6,162858.0
06041,California,Marin,4149.0,3.8,5.0,11.0,63.0,149.0,5.0,3.3,,8.0,139197.0,84.3,24.0,5.0,2.0,90.0,24.0,8.0,6.0,254407.0
06043,California,Mariposa,9759.0,4.6,6.0,20.0,114.0,23.0,7.0,5.1,5.1,22.0,64352.0,78.3,31.0,19.0,,88.0,32.0,17.0,100.0,16919.0
06045,California,Mendocino,10093.0,4.8,6.2,20.0,137.0,78.0,10.0,4.7,5.1,19.0,65891.0,76.8,67.0,14.0,7.0,83.0,29.0,15.0,48.5,89108.0
06047,California,Merced,8849.0,5.4,5.9,29.0,70.0,42.0,9.0,9.0,4.6,23.0,58962.0,76.2,21.0,11.0,7.0,92.0,35.0,18.0,16.8,291920.0
06049,California,Modoc,13302.0,4.9,6.2,18.0,138.0,46.0,8.0,6.3,3.9,28.0,51996.0,74.6,,,,87.0,30.0,14.0,100.0,8500.0
06051,California,Mono,4739.0,4.3,5.7,16.0,71.0,83.0,10.0,3.8,3.6,11.0,82973.0,93.6,,,,49.0,29.0,13.0,46.6,13066.0
06053,California,Monterey,6114.0,4.9,5.8,23.0,62.0,65.0,12.0,7.0,4.3,20.0,86809.0,80.8,22.0,8.0,7.0,89.0,33.0,14.0,14.3,430723.0
06055,California,Napa,5210.0,4.1,5.3,19.0,62.0,98.0,7.0,3.5,4.6,9.0,100469.0,81.2,19.0,7.0,2.0,93.0,29.0,13.0,14.7,133216.0
06057,California,Nevada,7472.0,4.2,5.7,17.0,94.0,72.0,6.0,3.9,5.3,13.0,87142.0,80.0,37.0,12.0,3.0,81.0,30.0,16.0,48.2,102037.0
06059,California,Orange,5325.0,4.0,4.9,16.0,51.0,100.0,7.0,3.6,4.7,11.0,109768.0,81.3,25.0,5.0,2.0,92.0,26.0,11.0,0.2,3135755.0
06061,California,Placer,5086.0,4.0,5.5,14.0,58.0,122.0,4.0,3.7,4.5,6.0,110020.0,81.2,19.0,7.0,2.0,91.0,26.0,12.0,14.6,423561.0
06063,California,Plumas,8792.0,4.5,6.0,15.0,122.0,75.0,6.0,7.3,4.0,18.0,64121.0,78.2,29.0,14.0,,73.0,29.0,13.0,100.0,19131.0
06065,California,Riverside,7817.0,4.7,5.2,18.0,70.0,46.0,8.0,4.8,4.4,14.0,90251.0,77.8,32.0,9.0,5.0,92.0,34.0,12.0,5.5,2492442.0
06067,California,Sacramento,7616.0,4.4,5.8,19.0,73.0,89.0,5.0,4.4,4.5,14.0,89984.0,78.0,29.0,10.0,6.0,84.0,34.0,13.0,2.4,1584288.0
06069,California,San Benito,6316.0,4.6,5.5,18.0,63.0,27.0,7.0,6.0,3.7,11.0,105112.0,79.9,21.0,7.0,4.0,92.0,29.0,11.0,22.7,68175.0
06071,California,San Bernardino,9378.0,4.8,5.3,22.0,68.0,59.0,9.0,4.7,4.4,17.0,84576.0,75.4,24.0,12.0,8.0,86.0,35.0,13.0,5.4,2195611.0
06073,California,San Diego,5727.0,4.2,5.2,16.0,63.0,84.0,7.0,3.9,4.6,12.0,103476.0,80.3,28.0,7.0,3.0,85.0,25.0,10.0,4.4,3269973.0
06075,California,San Francisco,5634.0,3.6,5.0,13.0,87.0,164.0,4.0,3.3,,11.0,125456.0,82.4,63.0,5.0,5.0,50.0,18.0,9.0,0.0,808988.0
06077,California,San Joaquin,8730.0,4.8,5.3,20.0,73.0,59.0,8.0,6.2,4.5,16.0,86211.0,76.4,23.0,12.0,9.0,86.0,34.0,13.0,7.8,800965.0
06079,California,San Luis Obispo,6206.0,4.2,5.6,15.0,73.0,83.0,7.0,3.5,4.7,12.0,89809.0,80.7,34.0,9.0,2.0,93.0,28.0,11.0,19.1,281639.0
06081,California,San Mateo,4006.0,3.6,4.6,13.0,44.0,109.0,5.0,3.0,,7.0,151004.0,84.1,17.0,4.0,2.0,84.0,21.0,9.0,1.7,726353.0
06083,California,Santa Barbara,6123.0,4.4,5.7,17.0,66.0,77.0,9.0,4.1,4.8,17.0,90155.0,80.6,26.0,7.0,4.0,93.0,32.0,10.0,5.6,441257.0
06085,California,Santa Clara,4125.0,3.4,4.5,15.0,47.0,107.0,4.0,3.5,,7.0,154573.0,83.8,17.0,4.0,2.0,89.0,22.0,9.0,1.3,1877592.0
06087,California,Santa Cruz,5482.0,4.2,5.6,17.0,78.0,102.0,6.0,5.7,5.2,14.0,102723.0,81.8,29.0,6.0,3.0,87.0,29.0,12.0,13.3,261547.0
06089,California,Shasta,10558.0,4.6,6.1,16.0,116.0,78.0,7.0,5.1,4.9,16.0,71935.0,74.3,35.0,19.0,6.0,89.0,29.0,14.0,33.8,180366.0
06091,California,Sierra,,4.5,5.9,17.0,91.0,,6.0,4.7,6.6,15.0,67675.0,81.3,,,,,31.0,15.0,98.8,3200.0
06093,California,Siskiyou,13488.0,5.0,6.4,19.0,134.0,75.0,8.0,6.4,5.1,22.0,58975.0,73.1,39.0,19.0,7.0,88.0,33.0,16.0,70.9,42905.0
06095,California,Solano,7385.0,4.2,5.4,18.0,72.0,84.0,6.0,4.7,4.1,12.0,99117.0,78.8,25.0,12.0,8.0,89.0,33.0,13.0,4.5,449218.0
06097,California,Sonoma,5997.0,4.3,5.8,14.0,66.0,102.0,7.0,3.6,4.3,10.0,100157.0,80.6,29.0,8.0,2.0,88.0,28.0,11.0,13.6,481812.0
06099,California,Stanislaus,9309.0,4.9,5.9,20.0,71.0,65.0,7.0,6.4,4.2,16.0,81582.0,75.4,29.0,8.0,4.0,90.0,35.0,13.0,8.2,551430.0
06101,California,Sutter,8213.0,4.8,5.8,23.0,78.0,76.0,9.0,7.8,4.4,19.0,71968.0,77.3,31.0,10.0,5.0,86.0,32.0,16.0,15.1,97948.0
06103,California,Tehama,11336.0,5.0,6.3,21.0,118.0,53.0,7.0,5.8,4.5,21.0,58333.0,74.3,30.0,20.0,7.0,93.0,33.0,17.0,57.0,64896.0
06105,California,Trinity,12354.0,5.2,6.5,20.0,181.0,19.0,6.0,5.7,4.8,30.0,52079.0,77.0,25.0,30.0,,71.0,32.0,17.0,100.0,15670.0
06107,California,Tulare,9206.0,5.1,5.6,26.0,66.0,46.0,9.0,10.0,4.3,23.0,71368.0,75.5,19.0,10.0,8.0,87.0,38.0,15.0,20.1,479468.0
06109,California,Tuolumne,9372.0,4.5,5.8,16.0,101.0,63.0,6.0,5.0,4.3,14.0,72329.0,76.4,29.0,12.0,3.0,91.0,31.0,13.0,47.8,54204.0
06111,California,Ventura,5626.0,4.4,5.6,18.0,62.0,81.0,8.0,4.3,4.4,13.0,106526.0,80.7,28.0,7.0,3.0,86.0,29.0,11.0,3.4,829590.0
06113,California,Yolo,5728.0,4.4,5.8,19.0,51.0,124.0,6.0,4.7,5.9,12.0,91192.0,79.9,17.0,6.0,3.0,92.0,29.0,13.0,8.0,220544.0
06115,California,Yuba,9988.0,5.2,6.3,21.0,90.0,20.0,7.0,6.7,4.7,20.0,71493.0,75.1,33.0,14.0,7.0,85.0,33.0,16.0,29.5,85722.0
09001,Connecticut,Fairfield,5172.0,,,,61.0,92.0,,3.9,,,,81.2,,,,90.0,,,,
09003,Connecticut,Hartford,7218.0,,,,87.0,95.0,,3.8,,,,78.3,,,,89.0,,,,
09005,Connecticut,Litchfield,6767.0,,,,93.0,55.0,,3.4,,,,79.1,,,,89.0,,,,
09007,Connecticut,Middlesex,5773.0,,,,82.0,78.0,,3.2,,,,80.4,,,,95.0,,,,
09009,Connecticut,New Haven,7774.0,,,,97.0,85.0,,3.9,,,,78.0,,,,87.0,,,,
09011,Connecticut,New London,7673.0,,,,97.0,60.0,,3.6,,,,78.1,,,,90.0,,,,
09013,Connecticut,Tolland,5837.0,,,,64.0,49.0,,3.3,,,,80.2,,,,93.0,,,,
09015,Connecticut,Windham,7901.0,,,,98.0,43.0,,3.9,,,,77.2,,,,83.0,,,,
09110,Connecticut,Capitol,,4.0,5.4,15.0,,,6.0,,5.0,12.0,90965.0,,38.0,6.0,4.0,,32.0,12.0,12.0,975328.0
09120,Connecticut,Greater Bridgeport,,3.9,5.1,17.0,,,8.0,,6.2,14.0,92858.0,,36.0,6.0,5.0,,29.0,13.0,2.9,327651.0
09130,Connecticut,Lower Connecticut River Valley,,3.7,5.3,12.0,,,4.0,,4.4,8.0,99807.0,,30.0,6.0,1.0,,31.0,12.0,31.3,176215.0
09140,Connecticut,Naugatuck Valley,,4.2,5.5,16.0,,,6.0,,4.9,17.0,81392.0,,52.0,7.0,4.0,,31.0,14.0,9.2,456128.0
09150,Connecticut,Northeastern Connecticut,,4.4,5.8,15.0,,,5.0,,3.7,11.0,88129.0,,30.0,6.0,,,33.0,15.0,62.4,96692.0
09160,Connecticut,Northwest Hills,,3.9,5.5,14.0,,,6.0,,4.4,10.0,91206.0,,39.0,6.0,,,31.0,13.0,60.0,113463.0
09170,Connecticut,South Central Connecticut,,4.2,5.5,16.0,,,6.0,,5.3,17.0,80953.0,,51.0,7.0,4.0,,32.0,13.0,3.6,568158.0
09180,Connecticut,Southeastern Connecticut,,4.3,5.5,16.0,,,6.0,,4.7,17.0,82733.0,,52.0,5.0,2.0,,33.0,14.0,26.1,279634.0
09190,Connecticut,Western Connecticut,,3.4,4.7,13.0,,,7.0,,,9.0,121285.0,,17.0,3.0,2.0,,27.0,10.0,8.5,623907.0
13001,Georgia,Appling,14664.0,5.4,6.1,22.0,91.0,43.0,19.0,3.4,5.0,34.0,51054.0,71.5,20.0,11.0,,92.0,41.0,19.0,71.0,18457.0
13003,Georgia,Atkinson,15714.0,6.0,6.1,28.0,113.0,,21.0,3.1,3.3,34.0,44890.0,69.1,,,,98.0,42.0,20.0,100.0,8293.0
13005,Georgia,Bacon,16179.0,5.2,6.2,24.0,93.0,45.0,17.0,2.9,5.3,31.0,48915.0,69.5,30.0,18.0,,93.0,41.0,22.0,100.0,11124.0
13007,Georgia,Baker,17337.0,5.2,5.9,24.0,109.0,,11.0,3.8,9.1,39.0,47850.0,71.8,,,,,42.0,17.0,100.0,2743.0
13009,Georgia,Baldwin,12279.0,4.6,5.7,22.0,75.0,43.0,15.0,4.2,5.5,29.0,51206.0,72.7,15.0,20.0,15.0,88.0,40.0,18.0,48.8,43396.0
13011,Georgia,Banks,10880.0,4.7,5.7,23.0,94.0,16.0,18.0,2.2,5.0,17.0,70067.0,73.9,30.0,17.0,,84.0,37.0,22.0,95.6,19789.0
13013,Georgia,Barrow,9299.0,4.2,5.6,18.0,86.0,22.0,16.0,2.8,3.6,16.0,72075.0,74.9,28.0,17.0,6.0,89.0,40.0,14.0,33.0,92792.0
13015,Georgia,Bartow,10527.0,4.5,5.4,19.0,91.0,37.0,16.0,3.1,4.0,13.0,78771.0,73.9,37.0,17.0,5.0,93.0,38.0,15.0,39.4,115041.0
13017,Georgia,Ben Hill,15005.0,5.5,6.1,28.0,106.0,47.0,15.0,4.3,5.7,35.0,40325.0,69.7,20.0,20.0,9.0,83.0,42.0,23.0,34.4,17128.0
13019,Georgia,Berrien,14035.0,5.2,5.9,23.0,106.0,22.0,15.0,3.7,5.9,28.0,50581.0,71.2,36.0,17.0,8.0,83.0,39.0,20.0,73.3,18570.0
13021,Georgia,Bibb,14812.0,4.9,5.9,23.0,105.0,140.0,16.0,4.0,6.5,32.0,51569.0,70.6,18.0,35.0,24.0,82.0,49.0,18.0,14.1,156512.0
13023,Georgia,Bleckley,12846.0,4.8,5.8,20.0,82.0,24.0,12.0,4.2,6.0,27.0,58877.0,72.2,,16.0,,98.0,42.0,17.0,51.1,12465.0
13025,Georgia,Brantley,14472.0,5.4,6.2,22.0,97.0,17.0,18.0,3.5,6.0,26.0,57325.0,71.5,36.0,19.0,,89.0,39.0,21.0,99.3,18401.0
13027,Georgia,Brooks,10488.0,5.4,6.2,27.0,96.0,18.0,15.0,3.4,5.4,36.0,46796.0,73.9,,22.0,,98.0,42.0,21.0,100.0,16245.0
13029,Georgia,Bryan,9532.0,3.8,5.2,15.0,82.0,55.0,11.0,2.6,3.4,9.0,97746.0,74.9,19.0,22.0,5.0,93.0,37.0,14.0,46.8,49739.0
13031,Georgia,Bulloch,9168.0,4.6,5.4,19.0,59.0,56.0,14.0,3.4,5.0,23.0,54787.0,75.3,9.0,14.0,6.0,85.0,39.0,16.0,45.1,84327.0
13033,Georgia,Burke,12349.0,4.9,5.9,23.0,97.0,33.0,12.0,5.5,6.3,31.0,51388.0,73.0,20.0,21.0,14.0,85.0,45.0,19.0,75.2,24438.0
13035,Georgia,Butts,12208.0,4.7,5.7,21.0,121.0,27.0,14.0,2.9,4.5,20.0,59622.0,71.9,32.0,23.0,10.0,93.0,40.0,19.0,77.6,26887.0
13037,Georgia,Calhoun,11948.0,5.3,5.7,31.0,61.0,18.0,15.0,2.8,5.6,40.0,41260.0,73.6,,,,,47.0,24.0,100.0,5457.0
13039,Georgia,Camden,8626.0,4.5,5.5,20.0,68.0,27.0,12.0,3.0,4.2,14.0,72185.0,76.5,25.0,18.0,3.0,94.0,38.0,18.0,29.6,58118.0
13043,Georgia,Candler,18173.0,5.4,6.1,27.0,113.0,18.0,20.0,2.5,5.2,31.0,49332.0,67.8,,26.0,,,44.0,22.0,100.0,11059.0
13045,Georgia,Carroll,11392.0,4.7,5.7,18.0,94.0,51.0,14.0,3.3,4.6,18.0,71083.0,73.0,36.0,15.0,4.0,93.0,37.0,15.0,54.4,127098.0
13047,Georgia,Catoosa,9551.0,4.2,5.6,16.0,74.0,57.0,12.0,2.7,3.9,15.0,70315.0,75.3,30.0,16.0,2.0,89.0,37.0,14.0,23.7,68910.0
13049,Georgia,Charlton,11365.0,5.1,5.7,25.0,92.0,23.0,16.0,3.1,5.2,29.0,52191.0,73.5,,24.0,11.0,98.0,42.0,21.0,100.0,12934.0
13051,Georgia,Chatham,10235.0,3.8,5.0,17.0,83.0,93.0,14.0,2.9,4.5,22.0,70556.0,75.6,26.0,20.0,13.0,88.0,36.0,14.0,3.0,303655.0
13053,Georgia,Chattahoochee,9997.0,4.9,5.6,23.0,68.0,166.0,8.0,4.5,3.6,17.0,57550.0,75.4,,,,98.0,43.0,18.0,40.1,8661.0
13055,Georgia,Chattooga,14488.0,5.4,6.4,24.0,117.0,8.0,17.0,3.7,4.1,29.0,51225.0,70.6,35.0,19.0,7.0,94.0,39.0,21.0,59.0,25222.0
13057,Georgia,Cherokee,5753.0,3.9,5.0,16.0,60.0,41.0,13.0,2.6,3.7,7.0,104220.0,79.4,20.0,11.0,3.0,92.0,35.0,13.0,18.3,286602.0
13059,Georgia,Clarke,8073.0,4.7,6.1,21.0,59.0,82.0,15.0,3.3,5.7,25.0,54550.0,77.3,21.0,13.0,5.0,32.0,37.0,15.0,5.9,129933.0
13061,Georgia,Clay,16381.0,5.1,6.0,23.0,119.0,35.0,14.0,7.8,3.6,39.0,37858.0,72.6,,,,,45.0,17.0,100.0,2853.0
13063,Georgia,Clayton,11266.0,4.8,5.9,25.0,78.0,25.0,15.0,4.1,4.0,27.0,57974.0,73.8,18.0,25.0,18.0,78.0,45.0,18.0,0.5,298300.0
13065,Georgia,Clinch,14491.0,5.9,6.4,28.0,93.0,15.0,18.0,2.8,6.2,28.0,45718.0,69.8,,,,88.0,45.0,23.0,100.0,6746.0
13067,Georgia,Cobb,6458.0,3.5,5.0,13.0,63.0,78.0,13.0,2.8,4.3,12.0,99134.0,79.1,23.0,11.0,5.0,87.0,29.0,10.0,0.0,776743.0
13069,Georgia,Coffee,12805.0,5.2,5.8,24.0,91.0,53.0,19.0,3.6,5.2,30.0,49804.0,71.6,12.0,21.0,11.0,93.0,41.0,21.0,66.9,43317.0
13071,Georgia,Colquitt,13173.0,5.2,5.9,27.0,92.0,37.0,20.0,2.8,5.8,35.0,47821.0,71.6,14.0,18.0,10.0,87.0,40.0,22.0,58.1,46167.0
13073,Georgia,Columbia,7070.0,3.8,5.1,17.0,62.0,105.0,10.0,3.0,3.9,8.0,97031.0,78.4,21.0,13.0,3.0,90.0,36.0,15.0,14.9,165162.0
13075,Georgia,Cook,13071.0,5.3,5.9,25.0,98.0,52.0,17.0,3.2,5.3,29.0,50258.0,71.8,,24.0,11.0,98.0,41.0,20.0,59.2,17714.0
13077,Georgia,Coweta,8324.0,4.0,5.4,16.0,68.0,45.0,11.0,2.9,3.9,12.0,93326.0,76.4,18.0,17.0,5.0,90.0,44.0,14.0,44.9,155892.0
13079,Georgia,Crawford,13688.0,4.8,5.7,20.0,113.0,16.0,16.0,3.2,4.8,25.0,61519.0,71.7,,23.0,,83.0,41.0,19.0,100.0,12277.0
13081,Georgia,Crisp,16331.0,5.3,6.1,23.0,99.0,70.0,14.0,3.7,6.0,40.0,43174.0,70.1,26.0,26.0,15.0,83.0,45.0,19.0,45.7,19631.0
13083,Georgia,Dade,11895.0,4.4,5.8,17.0,75.0,31.0,14.0,2.6,4.1,16.0,58644.0,73.0,35.0,,,93.0,36.0,16.0,94.6,16165.0
13085,Georgia,Dawson,8319.0,4.0,5.1,15.0,92.0,67.0,14.0,2.6,3.8,12.0,89330.0,76.9,24.0,21.0,,93.0,35.0,12.0,69.4,31732.0
13087,Georgia,Decatur,14703.0,5.3,6.1,24.0,92.0,34.0,14.0,3.4,6.0,31.0,50452.0,71.0,20.0,24.0,13.0,90.0,40.0,18.0,52.8,29087.0
13089,Georgia,DeKalb,8477.0,3.8,5.3,18.0,74.0,106.0,14.0,3.3,5.0,18.0,77722.0,78.2,19.0,23.0,16.0,76.0,34.0,13.0,0.2,762992.0
13091,Georgia,Dodge,13999.0,4.9,5.8,21.0,106.0,30.0,14.0,3.8,5.5,30.0,46462.0,71.3,33.0,24.0,11.0,88.0,45.0,18.0,68.8,19776.0
13093,Georgia,Dooly,13389.0,4.9,5.8,24.0,83.0,9.0,15.0,3.8,5.2,32.0,50396.0,73.2,,24.0,12.0,88.0,44.0,19.0,100.0,10981.0
13095,Georgia,Dougherty,15702.0,4.9,5.9,26.0,94.0,78.0,16.0,4.3,5.5,37.0,45863.0,70.3,29.0,25.0,19.0,87.0,44.0,19.0,14.4,82645.0
13097,Georgia,Douglas,8876.0,4.1,5.4,20.0,67.0,43.0,14.0,3.4,3.8,18.0,79672.0,75.6,19.0,16.0,7.0,88.0,43.0,15.0,15.5,149160.0
13099,Georgia,Early,16356.0,5.2,5.9,25.0,103.0,47.0,14.0,3.9,5.2,38.0,43444.0,69.7,,21.0,,88.0,45.0,21.0,100.0,10563.0
13101,Georgia,Echols,7911.0,4.7,5.6,22.0,57.0,,19.0,2.8,4.6,32.0,50311.0,76.8,,,,,42.0,18.0,100.0,3709.0
13103,Georgia,Effingham,9467.0,4.2,5.4,16.0,70.0,22.0,11.0,2.6,3.5,10.0,83900.0,74.9,20.0,15.0,6.0,92.0,39.0,15.0,74.2,71541.0
13105,Georgia,Elbert,14106.0,4.8,5.8,23.0,82.0,41.0,18.0,3.6,5.2,27.0,50367.0,71.1,27.0,,,88.0,42.0,20.0,71.0,20013.0
13107,Georgia,Emanuel,13933.0,5.1,6.2,26.0,83.0,40.0,17.0,4.2,4.7,34.0,46017.0,70.1,15.0,13.0,9.0,83.0,43.0,22.0,68.2,23119.0
13109,Georgia,Evans,14703.0,5.2,6.2,27.0,90.0,37.0,18.0,2.9,4.6,35.0,50831.0,70.7,,19.0,,93.0,45.0,22.0,100.0,10754.0
13111,Georgia,Fannin,12245.0,4.7,5.9,20.0,131.0,62.0,18.0,2.8,4.0,23.0,60037.0,74.1,35.0,25.0,,93.0,39.0,20.0,100.0,25955.0
13113,Georgia,Fayette,6478.0,3.4,4.9,13.0,60.0,112.0,10.0,3.0,3.9,8.0,108579.0,79.5,13.0,14.0,5.0,90.0,31.0,11.0,18.1,123351.0
13115,Georgia,Floyd,11716.0,4.6,5.9,23.0,91.0,135.0,16.0,3.2,5.0,26.0,61058.0,72.6,29.0,17.0,6.0,92.0,40.0,19.0,38.7,100113.0
13117,Georgia,Forsyth,4425.0,3.3,4.3,12.0,43.0,40.0,8.0,2.5,3.6,5.0,136347.0,81.0,14.0,7.0,1.0,96.0,31.0,10.0,7.7,272887.0
13119,Georgia,Franklin,12333.0,5.0,6.0,22.0,115.0,34.0,17.0,3.2,5.8,24.0,53221.0,72.1,28.0,22.0,9.0,90.0,37.0,19.0,100.0,24782.0
13121,Georgia,Fulton,8075.0,3.6,4.8,14.0,76.0,112.0,11.0,3.4,5.9,17.0,94510.0,77.5,24.0,20.0,15.0,87.0,30.0,11.0,0.6,1079105.0
13123,Georgia,Gilmer,10784.0,4.3,5.4,17.0,103.0,44.0,17.0,3.1,4.7,21.0,62317.0,75.4,31.0,26.0,,94.0,37.0,15.0,78.5,32860.0
13125,Georgia,Glascock,11756.0,4.8,5.9,20.0,182.0,34.0,12.0,3.4,4.2,20.0,54862.0,71.8,,,,,37.0,18.0,100.0,2954.0
13127,Georgia,Glynn,11817.0,4.4,5.8,17.0,89.0,52.0,16.0,2.8,4.8,22.0,70067.0,74.7,34.0,15.0,8.0,52.0,36.0,14.0,18.6,86172.0
13129,Georgia,Gordon,11132.0,5.0,5.8,24.0,80.0,46.0,20.0,3.0,4.6,17.0,64795.0,73.1,19.0,17.0,4.0,97.0,40.0,20.0,59.9,59757.0
13131,Georgia,Grady,11368.0,5.0,6.0,24.0,95.0,46.0,18.0,3.1,4.8,28.0,52456.0,74.2,,21.0,10.0,89.0,42.0,19.0,60.6,26066.0
13133,Georgia,Greene,11079.0,4.2,5.3,18.0,91.0,56.0,14.0,3.3,5.4,26.0,79890.0,76.1,,16.0,,88.0,39.0,15.0,100.0,20722.0
13135,Georgia,Gwinnett,6209.0,3.9,4.9,17.0,50.0,66.0,15.0,2.9,4.1,15.0,84076.0,79.3,16.0,12.0,5.0,82.0,33.0,12.0,0.5,983526.0
13137,Georgia,Habersham,9824.0,4.7,5.7,22.0,85.0,47.0,18.0,3.1,4.7,17.0,71753.0,74.8,27.0,14.0,4.0,97.0,37.0,18.0,59.3,48757.0
13139,Georgia,Hall,8170.0,4.3,5.5,21.0,75.0,60.0,19.0,2.4,4.3,14.0,78309.0,77.2,24.0,12.0,5.0,86.0,35.0,17.0,25.9,217267.0
13141,Georgia,Hancock,15832.0,5.3,5.7,28.0,118.0,12.0,14.0,5.5,5.5,44.0,40099.0,70.7,,,,,48.0,22.0,100.0,8676.0
13143,Georgia,Haralson,12727.0,4.5,6.0,18.0,117.0,43.0,14.0,3.2,5.4,23.0,59384.0,71.2,35.0,23.0,9.0,97.0,34.0,19.0,75.7,32038.0
13145,Georgia,Harris,7326.0,3.8,5.2,16.0,82.0,28.0,9.0,2.8,3.7,11.0,91977.0,78.8,18.0,15.0,,91.0,33.0,15.0,97.2,36654.0
13147,Georgia,Hart,11167.0,4.7,5.6,19.0,92.0,42.0,15.0,2.9,4.7,21.0,53100.0,74.2,31.0,14.0,,97.0,36.0,17.0,76.9,27556.0
13149,Georgia,Heard,14528.0,4.8,5.8,21.0,147.0,17.0,15.0,3.1,4.9,24.0,57670.0,71.2,34.0,27.0,,98.0,41.0,20.0,100.0,12034.0
13151,Georgia,Henry,9126.0,3.9,5.2,17.0,73.0,49.0,10.0,3.5,3.4,16.0,80908.0,75.3,18.0,21.0,10.0,87.0,39.0,13.0,18.8,254613.0
13153,Georgia,Houston,9565.0,4.2,5.4,17.0,69.0,53.0,11.0,2.9,4.2,18.0,75266.0,75.0,18.0,19.0,6.0,89.0,39.0,14.0,9.0,171974.0
13155,Georgia,Irwin,12087.0,5.2,6.0,23.0,111.0,31.0,15.0,3.9,4.0,30.0,52918.0,71.7,,21.0,,93.0,40.0,19.0,100.0,9120.0
13157,Georgia,Jackson,9049.0,4.4,5.6,19.0,74.0,56.0,14.0,2.1,3.8,10.0,84439.0,75.1,21.0,17.0,3.0,95.0,42.0,17.0,62.8,88615.0
13159,Georgia,Jasper,11123.0,4.6,5.7,21.0,91.0,33.0,14.0,2.9,4.4,21.0,67681.0,73.8,,28.0,,93.0,40.0,19.0,100.0,16455.0
13161,Georgia,Jeff Davis,13865.0,5.4,6.0,27.0,100.0,7.0,18.0,4.3,5.9,28.0,47635.0,70.7,,17.0,,98.0,41.0,23.0,66.7,14906.0
13163,Georgia,Jefferson,15667.0,5.2,5.9,29.0,105.0,13.0,19.0,4.0,4.8,33.0,45829.0,68.8,,21.0,10.0,93.0,44.0,23.0,100.0,15183.0
13165,Georgia,Jenkins,12473.0,5.8,6.1,29.0,99.0,35.0,15.0,5.0,6.1,36.0,42539.0,71.8,,,,83.0,45.0,23.0,100.0,8627.0
13167,Georgia,Johnson,13597.0,5.4,5.8,28.0,84.0,55.0,17.0,2.9,4.8,32.0,51602.0,71.8,,23.0,15.0,83.0,43.0,23.0,100.0,9282.0
13169,Georgia,Jones,9119.0,4.3,5.7,20.0,80.0,25.0,12.0,3.1,4.3,18.0,65524.0,75.6,22.0,21.0,5.0,90.0,40.0,18.0,83.4,28969.0
13171,Georgia,Lamar,12813.0,4.5,5.9,21.0,81.0,26.0,13.0,3.4,4.1,20.0,63622.0,71.9,24.0,19.0,,85.0,42.0,18.0,63.1,20401.0
13173,Georgia,Lanier,9926.0,5.4,6.1,27.0,66.0,,14.0,3.8,5.6,27.0,54586.0,74.6,,,,93.0,41.0,21.0,100.0,10452.0
13175,Georgia,Laurens,14998.0,4.8,5.4,23.0,99.0,85.0,14.0,4.1,6.6,29.0,56867.0,70.8,24.0,27.0,14.0,90.0,42.0,20.0,58.0,49941.0
13177,Georgia,Lee,8773.0,3.9,5.3,17.0,76.0,51.0,12.0,2.8,3.6,14.0,80806.0,75.1,16.0,22.0,5.0,91.0,37.0,15.0,62.4,33872.0
13179,Georgia,Liberty,12510.0,4.4,5.4,22.0,79.0,40.0,12.0,3.3,3.6,22.0,57699.0,72.9,21.0,23.0,10.0,90.0,46.0,17.0,23.5,69210.0
13181,Georgia,Lincoln,11825.0,4.7,5.8,20.0,73.0,26.0,20.0,3.8,4.5,23.0,58502.0,74.7,,,,93.0,38.0,17.0,100.0,7879.0
13183,Georgia,Long,10346.0,4.8,5.7,22.0,58.0,6.0,16.0,3.2,4.1,21.0,63146.0,75.7,,14.0,,96.0,41.0,18.0,80.2,19594.0
13185,Georgia,Lowndes,11342.0,4.6,5.5,22.0,64.0,56.0,14.0,3.5,5.2,23.0,54984.0,73.5,9.0,17.0,9.0,95.0,40.0,18.0,35.1,120712.0
13187,Georgia,Lumpkin,9956.0,4.5,5.7,18.0,98.0,32.0,16.0,2.7,5.0,18.0,72676.0,75.3,31.0,26.0,5.0,100.0,35.0,16.0,80.6,35258.0
13189,Georgia,McDuffie,13503.0,5.0,5.9,22.0,103.0,51.0,13.0,4.9,4.8,30.0,53389.0,71.9,36.0,27.0,17.0,86.0,44.0,17.0,59.4,21799.0
13191,Georgia,McIntosh,13809.0,5.0,6.0,22.0,121.0,,17.0,3.0,5.0,32.0,56573.0,74.3,27.0,26.0,11.0,98.0,42.0,18.0,100.0,11501.0
13193,Georgia,Macon,12938.0,5.6,6.0,33.0,88.0,8.0,19.0,4.2,6.2,42.0,41895.0,71.9,,,19.0,88.0,48.0,26.0,100.0,11817.0
13195,Georgia,Madison,10545.0,4.9,5.8,22.0,114.0,19.0,18.0,2.9,4.0,17.0,65296.0,74.2,44.0,19.0,,95.0,39.0,19.0,90.7,32191.0
13197,Georgia,Marion,12488.0,5.1,6.1,25.0,105.0,,18.0,3.6,4.3,40.0,51270.0,73.4,,,,88.0,40.0,20.0,100.0,7440.0
13199,Georgia,Meriwether,15063.0,4.9,5.8,23.0,115.0,29.0,17.0,3.9,4.7,28.0,54428.0,70.8,21.0,33.0,15.0,83.0,41.0,20.0,100.0,20931.0
13201,Georgia,Miller,22799.0,5.1,6.1,25.0,132.0,51.0,14.0,2.7,6.5,31.0,50799.0,67.3,,,,,42.0,22.0,100.0,5747.0
13205,Georgia,Mitchell,12435.0,5.3,5.8,27.0,86.0,46.0,14.0,3.7,5.9,34.0,48774.0,72.4,,21.0,10.0,87.0,47.0,22.0,75.8,21114.0
13207,Georgia,Monroe,10716.0,4.3,5.4,19.0,105.0,52.0,12.0,2.9,4.0,16.0,80692.0,74.5,27.0,28.0,8.0,93.0,38.0,17.0,81.8,30625.0
13209,Georgia,Montgomery,13468.0,5.0,5.7,25.0,103.0,,14.0,3.9,4.4,29.0,53248.0,71.4,,22.0,,98.0,43.0,22.0,98.7,8761.0
13211,Georgia,Morgan,9731.0,4.0,5.1,15.0,92.0,39.0,13.0,2.8,4.2,16.0,69090.0,75.8,,16.0,8.0,96.0,36.0,14.0,76.6,21460.0
13213,Georgia,Murray,12065.0,5.0,6.1,22.0,78.0,15.0,18.0,4.1,3.9,20.0,63836.0,72.5,22.0,12.0,,92.0,38.0,18.0,68.0,41035.0
13215,Georgia,Muscogee,13164.0,4.7,5.7,23.0,103.0,104.0,12.0,4.2,4.9,26.0,52492.0,72.0,19.0,31.0,21.0,92.0,42.0,17.0,3.8,201877.0
13217,Georgia,Newton,10380.0,4.4,5.8,20.0,80.0,23.0,13.0,3.8,4.2,18.0,76151.0,74.1,20.0,22.0,12.0,90.0,42.0,17.0,34.0,120135.0
13219,Georgia,Oconee,5599.0,3.2,4.8,13.0,58.0,114.0,7.0,2.4,4.0,7.0,114230.0,79.8,13.0,12.0,,98.0,33.0,12.0,54.1,44182.0
13221,Georgia,Oglethorpe,9362.0,4.4,5.8,20.0,96.0,7.0,16.0,2.8,4.8,20.0,67249.0,76.0,30.0,20.0,,93.0,36.0,17.0,100.0,15754.0
13223,Georgia,Paulding,7728.0,4.1,5.5,18.0,70.0,14.0,11.0,2.9,3.1,11.0,93773.0,76.9,27.0,16.0,6.0,90.0,39.0,15.0,20.5,183164.0
13225,Georgia,Peach,13589.0,4.5,5.5,21.0,102.0,21.0,15.0,3.8,5.5,25.0,68464.0,71.4,28.0,19.0,10.0,82.0,43.0,18.0,40.0,28805.0
13227,Georgia,Pickens,10079.0,4.6,5.7,16.0,88.0,44.0,16.0,2.7,4.4,16.0,78032.0,75.1,35.0,22.0,,92.0,37.0,14.0,80.8,35969.0
13229,Georgia,Pierce,13350.0,4.9,6.0,20.0,103.0,25.0,16.0,3.1,4.7,22.0,56330.0,71.1,30.0,15.0,,94.0,40.0,17.0,98.7,20425.0
13231,Georgia,Pike,11051.0,4.2,5.6,17.0,83.0,21.0,13.0,2.7,4.3,12.0,80652.0,73.2,19.0,22.0,,96.0,34.0,14.0,99.7,20461.0
13233,Georgia,Polk,13661.0,4.9,5.9,22.0,112.0,23.0,15.0,3.3,5.0,23.0,56271.0,71.0,41.0,25.0,9.0,90.0,42.0,19.0,52.0,44223.0
13235,Georgia,Pulaski,10269.0,5.2,6.3,23.0,69.0,61.0,16.0,3.5,5.4,32.0,46123.0,75.2,,,,88.0,44.0,20.0,100.0,10095.0
13237,Georgia,Putnam,12213.0,4.5,5.4,20.0,107.0,40.0,16.0,3.8,4.8,25.0,59068.0,74.0,19.0,22.0,,90.0,42.0,17.0,100.0,23129.0
13239,Georgia,Quitman,,5.1,6.0,24.0,88.0,,17.0,5.2,5.1,41.0,42480.0,72.9,,,,,44.0,20.0,73.7,2280.0
13241,Georgia,Rabun,11891.0,4.4,5.5,17.0,116.0,70.0,20.0,3.0,4.6,22.0,60085.0,74.3,35.0,16.0,,93.0,37.0,16.0,100.0,17442.0
13243,Georgia,Randolph,17238.0,6.0,6.4,34.0,92.0,32.0,16.0,4.2,5.5,41.0,39926.0,71.3,,,,,49.0,26.0,100.0,6078.0
13245,Georgia,Richmond,14036.0,4.9,6.2,24.0,109.0,89.0,12.0,4.6,5.1,32.0,52073.0,71.4,43.0,23.0,17.0,72.0,44.0,19.0,8.3,205414.0
13247,Georgia,Rockdale,9532.0,4.3,5.6,21.0,79.0,70.0,15.0,3.7,3.7,19.0,76081.0,75.7,21.0,22.0,12.0,81.0,45.0,15.0,13.7,95987.0
13249,Georgia,Schley,11471.0,4.8,6.0,21.0,105.0,22.0,12.0,3.3,5.1,22.0,60750.0,75.4,,,,98.0,38.0,18.0,100.0,4526.0
13251,Georgia,Screven,15035.0,4.8,5.7,24.0,111.0,14.0,15.0,5.2,5.0,32.0,49034.0,70.9,26.0,30.0,16.0,78.0,42.0,21.0,100.0,14174.0
13253,Georgia,Seminole,13377.0,4.8,5.9,23.0,117.0,87.0,15.0,3.8,7.1,34.0,49423.0,72.7,,,,93.0,42.0,19.0,100.0,9092.0
13255,Georgia,Spalding,14238.0,4.9,5.6,23.0,94.0,41.0,15.0,3.6,5.0,28.0,56834.0,71.2,24.0,25.0,10.0,79.0,40.0,19.0,40.7,69946.0
13257,Georgia,Stephens,12943.0,4.8,6.0,21.0,118.0,67.0,14.0,3.6,4.5,22.0,50685.0,71.5,28.0,21.0,,94.0,38.0,18.0,55.9,27228.0
13259,Georgia,Stewart,13631.0,5.0,5.3,30.0,98.0,,17.0,3.3,6.1,37.0,41227.0,71.0,,,,,43.0,21.0,100.0,4674.0
13261,Georgia,Sumter,13125.0,5.0,6.0,25.0,78.0,51.0,14.0,4.5,4.4,45.0,43835.0,72.0,13.0,20.0,14.0,95.0,44.0,19.0,41.2,28890.0
13263,Georgia,Talbot,13334.0,5.0,6.0,26.0,100.0,35.0,14.0,3.3,4.8,45.0,41656.0,73.4,,,,,44.0,21.0,100.0,5718.0
13265,Georgia,Taliaferro,,4.8,5.6,24.0,127.0,0.0,11.0,3.8,4.0,40.0,46469.0,,,,,,43.0,20.0,100.0,1609.0
13267,Georgia,Tattnall,11557.0,5.1,5.6,25.0,76.0,17.0,16.0,3.2,4.9,31.0,48998.0,72.5,14.0,14.0,11.0,92.0,46.0,20.0,100.0,24296.0
13269,Georgia,Taylor,11728.0,5.6,6.2,29.0,71.0,,16.0,4.2,8.0,39.0,44708.0,73.4,,,,88.0,43.0,24.0,100.0,7758.0
13271,Georgia,Telfair,13517.0,5.7,5.8,30.0,66.0,16.0,16.0,6.6,5.7,42.0,42203.0,72.7,,18.0,,88.0,46.0,22.0,100.0,10920.0
13273,Georgia,Terrell,15870.0,5.5,6.2,28.0,99.0,,16.0,4.5,6.1,41.0,45616.0,70.3,,25.0,,88.0,47.0,22.0,100.0,8718.0
13275,Georgia,Thomas,12173.0,4.3,5.8,21.0,79.0,94.0,13.0,3.5,5.1,25.0,54989.0,72.8,15.0,12.0,,90.0,39.0,17.0,44.9,45649.0
13277,Georgia,Tift,13127.0,5.1,5.8,23.0,84.0,66.0,17.0,2.9,4.5,27.0,53295.0,72.0,24.0,21.0,13.0,93.0,42.0,18.0,40.5,41554.0
13279,Georgia,Toombs,13738.0,5.0,5.8,22.0,107.0,78.0,16.0,3.8,5.4,33.0,48866.0,70.7,26.0,22.0,11.0,93.0,43.0,17.0,49.7,27040.0
13281,Georgia,Towns,10501.0,4.4,5.5,15.0,105.0,54.0,14.0,4.2,4.6,19.0,60563.0,75.8,,,,93.0,37.0,14.0,100.0,13035.0
13283,Georgia,Treutlen,14605.0,5.7,6.2,28.0,81.0,,19.0,4.3,6.0,33.0,45699.0,70.3,,,,88.0,43.0,22.0,100.0,6341.0
13285,Georgia,Troup,12478.0,4.8,5.7,20.0,89.0,50.0,14.0,2.8,5.2,28.0,60839.0,72.3,22.0,23.0,11.0,86.0,42.0,16.0,45.4,70742.0
13287,Georgia,Turner,12707.0,5.6,6.1,27.0,79.0,,15.0,4.0,5.3,37.0,42769.0,72.0,,,,93.0,44.0,22.0,47.4,8909.0
13289,Georgia,Twiggs,15046.0,4.9,6.0,22.0,115.0,13.0,15.0,4.9,7.3,31.0,50700.0,70.3,,,,,42.0,19.0,100.0,7691.0
13291,Georgia,Union,8285.0,4.4,5.6,18.0,81.0,74.0,17.0,2.8,4.6,19.0,65505.0,77.6,17.0,19.0,,100.0,37.0,18.0,100.0,27124.0
13293,Georgia,Upson,13550.0,5.1,5.8,23.0,86.0,51.0,14.0,3.5,5.7,26.0,54439.0,70.4,13.0,19.0,10.0,90.0,42.0,20.0,46.7,28263.0
13295,Georgia,Walker,11809.0,4.9,6.2,22.0,89.0,19.0,14.0,3.0,4.2,20.0,58363.0,73.3,37.0,12.0,4.0,92.0,42.0,20.0,51.0,69489.0
13297,Georgia,Walton,9791.0,4.3,5.4,20.0,84.0,24.0,13.0,3.0,4.0,14.0,79829.0,74.7,23.0,16.0,6.0,95.0,36.0,18.0,58.1,106702.0
13299,Georgia,Ware,15080.0,5.2,5.9,25.0,106.0,61.0,15.0,3.3,5.3,30.0,40901.0,69.7,38.0,16.0,9.0,86.0,40.0,21.0,32.1,36243.0
13301,Georgia,Warren,14606.0,5.1,6.1,24.0,149.0,57.0,15.0,4.1,5.6,39.0,48308.0,71.1,,,27.0,,45.0,20.0,100.0,5106.0
13303,Georgia,Washington,13308.0,5.1,6.1,24.0,84.0,71.0,14.0,4.2,5.2,30.0,48809.0,71.7,,17.0,8.0,93.0,43.0,20.0,64.5,19820.0
13305,Georgia,Wayne,13794.0,5.2,5.8,24.0,93.0,36.0,18.0,3.3,5.2,27.0,55797.0,70.7,31.0,18.0,7.0,90.0,41.0,21.0,57.6,31373.0
13307,Georgia,Webster,,5.2,6.0,26.0,104.0,42.0,20.0,3.6,5.9,35.0,45036.0,76.0,,,,,44.0,21.0,100.0,2337.0
13309,Georgia,Wheeler,8896.0,5.4,5.7,30.0,68.0,27.0,18.0,5.6,6.3,37.0,41163.0,76.5,,,,93.0,48.0,25.0,100.0,7081.0
13311,Georgia,White,11237.0,4.3,5.6,16.0,97.0,14.0,17.0,2.3,3.9,15.0,66962.0,74.4,33.0,19.0,,90.0,36.0,15.0,100.0,29026.0
13313,Georgia,Whitfield,9693.0,4.7,5.6,24.0,70.0,53.0,21.0,3.9,4.1,22.0,63111.0,75.1,19.0,12.0,2.0,85.0,37.0,18.0,34.9,103687.0
13315,Georgia,Wilcox,14319.0,5.1,5.6,24.0,85.0,11.0,14.0,3.5,5.5,34.0,45726.0,70.6,,,,93.0,42.0,20.0,100.0,8779.0
13317,Georgia,Wilkes,13808.0,4.9,5.8,23.0,87.0,42.0,18.0,3.7,4.5,32.0,48635.0,72.0,,,,83.0,44.0,20.0,100.0,9518.0
13319,Georgia,Wilkinson,15270.0,5.0,6.0,24.0,122.0,34.0,15.0,3.8,5.8,33.0,51498.0,69.9,,29.0,16.0,98.0,44.0,21.0,100.0,8725.0
13321,Georgia,Worth,12753.0,4.9,5.9,22.0,108.0,29.0,14.0,3.2,4.6,31.0,50830.0,72.9,26.0,33.0,,81.0,39.0,19.0,70.4,20273.0
22001,Louisiana,Acadia,14440.0,5.2,6.9,23.0,110.0,37.0,8.0,3.7,6.1,32.0,43133.0,70.6,44.0,23.0,13.0,88.0,37.0,21.0,61.7,56489.0
22003,Louisiana,Allen,13701.0,5.0,6.5,24.0,126.0,18.0,7.0,4.2,6.0,23.0,47937.0,70.7,51.0,21.0,6.0,94.0,41.0,21.0,70.5,22112.0
22005,Louisiana,Ascension,9276.0,3.8,6.1,17.0,96.0,44.0,6.0,3.0,4.5,13.0,89558.0,76.3,51.0,16.0,8.0,90.0,37.0,16.0,10.8,131632.0
22007,Louisiana,Assumption,12175.0,5.0,6.6,25.0,96.0,15.0,10.0,4.3,5.4,27.0,54511.0,74.0,45.0,16.0,7.0,93.0,41.0,24.0,64.5,20160.0
22009,Louisiana,Avoyelles,14475.0,5.6,7.3,29.0,131.0,28.0,9.0,4.2,6.0,37.0,44650.0,71.1,53.0,28.0,12.0,92.0,46.0,25.0,83.2,38408.0
22011,Louisiana,Beauregard,11152.0,4.5,6.2,22.0,75.0,44.0,9.0,3.6,5.0,20.0,57108.0,73.4,23.0,18.0,8.0,94.0,37.0,21.0,73.0,36827.0
22013,Louisiana,Bienville,17836.0,5.6,7.0,30.0,99.0,16.0,7.0,4.3,5.2,34.0,39743.0,68.7,,34.0,18.0,88.0,47.0,27.0,100.0,12366.0
22015,Louisiana,Bossier,8647.0,4.3,6.0,20.0,66.0,47.0,8.0,3.2,4.8,19.0,71061.0,75.9,15.0,16.0,7.0,88.0,45.0,18.0,27.2,129795.0
22017,Louisiana,Caddo,14193.0,4.9,6.5,24.0,97.0,126.0,8.0,4.1,5.8,32.0,50773.0,71.4,12.0,35.0,25.0,80.0,46.0,21.0,16.0,226386.0
22019,Louisiana,Calcasieu,11761.0,4.5,6.6,21.0,94.0,79.0,8.0,3.4,5.4,25.0,63912.0,73.5,35.0,17.0,8.0,93.0,43.0,19.0,25.0,203761.0
22021,Louisiana,Caldwell,13531.0,5.4,6.6,25.0,117.0,31.0,9.0,4.0,7.7,29.0,48050.0,70.8,,37.0,,98.0,39.0,24.0,100.0,9389.0
22023,Louisiana,Cameron,7694.0,4.8,6.6,21.0,78.0,39.0,7.0,2.8,3.3,19.0,66189.0,78.5,,,,98.0,40.0,20.0,100.0,4768.0
22025,Louisiana,Catahoula,13445.0,5.1,6.5,23.0,90.0,11.0,8.0,4.3,4.4,46.0,40139.0,70.9,,,,78.0,43.0,21.0,100.0,8414.0
22027,Louisiana,Claiborne,11645.0,5.8,6.7,33.0,115.0,50.0,10.0,4.0,6.2,38.0,39576.0,73.8,,28.0,12.0,98.0,45.0,28.0,100.0,13670.0
22029,Louisiana,Concordia,15586.0,5.6,6.7,28.0,118.0,22.0,9.0,4.7,5.6,35.0,43136.0,70.5,,32.0,23.0,84.0,42.0,24.0,34.1,17688.0
22031,Louisiana,De Soto,11309.0,5.0,6.6,23.0,89.0,19.0,8.0,4.1,7.1,24.0,53165.0,73.8,,25.0,9.0,97.0,40.0,20.0,79.1,27114.0
22033,Louisiana,East Baton Rouge,12990.0,4.4,6.3,19.0,128.0,87.0,8.0,3.4,5.7,25.0,60205.0,73.2,57.0,32.0,25.0,77.0,38.0,17.0,6.9,448467.0
22035,Louisiana,East Carroll,13141.0,6.4,7.0,36.0,86.0,42.0,9.0,8.8,8.3,53.0,34604.0,71.1,,,,88.0,51.0,28.0,100.0,6829.0
22037,Louisiana,East Feliciana,14292.0,4.5,6.4,21.0,143.0,31.0,7.0,3.5,4.6,23.0,58360.0,71.1,47.0,34.0,19.0,78.0,40.0,20.0,100.0,19229.0
22039,Louisiana,Evangeline,13359.0,5.6,7.0,31.0,117.0,65.0,8.0,3.9,5.6,28.0,46178.0,71.1,29.0,24.0,8.0,87.0,46.0,26.0,75.0,31754.0
22041,Louisiana,Franklin,14083.0,5.5,6.7,27.0,103.0,56.0,9.0,5.2,5.9,36.0,42066.0,70.9,,17.0,10.0,88.0,45.0,25.0,74.0,19285.0
22043,Louisiana,Grant,11307.0,5.2,6.5,25.0,103.0,4.0,8.0,3.7,4.8,25.0,58560.0,72.9,23.0,17.0,7.0,98.0,39.0,23.0,100.0,21911.0
22045,Louisiana,Iberia,13642.0,5.1,6.8,25.0,113.0,46.0,9.0,4.1,5.5,33.0,51770.0,71.7,33.0,27.0,17.0,87.0,43.0,22.0,32.4,67659.0
22047,Louisiana,Iberville,13473.0,4.8,6.2,24.0,107.0,30.0,8.0,4.2,5.0,32.0,54265.0,71.9,50.0,25.0,13.0,88.0,46.0,22.0,58.5,29617.0
22049,Louisiana,Jackson,11807.0,5.3,6.6,26.0,87.0,20.0,7.0,3.3,5.1,28.0,51215.0,73.3,24.0,18.0,,93.0,41.0,24.0,65.1,14746.0
22051,Louisiana,Jefferson,10825.0,4.5,6.5,21.0,119.0,92.0,11.0,3.5,5.0,23.0,61168.0,75.2,66.0,22.0,15.0,71.0,40.0,17.0,1.6,421777.0
22053,Louisiana,Jefferson Davis,13403.0,4.9,6.6,21.0,120.0,37.0,8.0,3.8,5.9,23.0,62563.0,71.3,54.0,14.0,12.0,98.0,42.0,20.0,70.9,31553.0
22055,Louisiana,Lafayette,9850.0,4.3,6.1,20.0,91.0,108.0,9.0,3.2,5.6,21.0,64181.0,75.8,46.0,20.0,11.0,86.0,35.0,18.0,9.1,249750.0
22057,Louisiana,Lafourche,10656.0,4.9,6.8,23.0,96.0,50.0,8.0,3.2,5.3,26.0,60107.0,74.6,37.0,16.0,9.0,91.0,43.0,22.0,23.4,95056.0
22059,Louisiana,LaSalle,10508.0,4.7,6.3,22.0,90.0,54.0,9.0,3.0,5.7,24.0,57556.0,73.0,,,,98.0,40.0,22.0,100.0,14800.0
22061,Louisiana,Lincoln,10122.0,4.8,6.2,24.0,58.0,66.0,8.0,3.8,7.3,27.0,47851.0,75.0,9.0,16.0,8.0,92.0,42.0,21.0,40.4,47962.0
22063,Louisiana,Livingston,11382.0,4.2,6.6,19.0,124.0,21.0,7.0,3.0,4.4,18.0,73745.0,73.9,78.0,16.0,7.0,91.0,37.0,18.0,38.8,150145.0
22065,Louisiana,Madison,15091.0,5.9,7.1,33.0,98.0,20.0,7.0,5.5,6.2,48.0,34704.0,70.3,,38.0,31.0,63.0,47.0,26.0,28.5,9246.0
22067,Louisiana,Morehouse,17460.0,5.5,7.0,30.0,148.0,24.0,8.0,5.9,5.8,45.0,37255.0,68.2,42.0,44.0,25.0,82.0,45.0,26.0,50.8,23955.0
22069,Louisiana,Natchitoches,15750.0,5.0,6.5,25.0,121.0,54.0,7.0,4.1,7.4,30.0,47476.0,70.4,26.0,28.0,18.0,86.0,45.0,22.0,49.5,36291.0
22071,Louisiana,Orleans,13811.0,4.4,6.4,22.0,160.0,112.0,8.0,4.5,7.9,33.0,53729.0,73.7,90.0,46.0,41.0,78.0,38.0,18.0,0.4,364136.0
22073,Louisiana,Ouachita,13455.0,4.9,6.3,22.0,117.0,94.0,8.0,3.8,6.7,29.0,52904.0,72.0,33.0,26.0,15.0,87.0,42.0,19.0,25.2,157568.0
22075,Louisiana,Plaquemines,9582.0,4.4,6.0,22.0,91.0,21.0,8.0,3.3,4.7,20.0,71460.0,75.8,54.0,13.0,6.0,87.0,40.0,20.0,33.2,22386.0
22077,Louisiana,Pointe Coupee,13129.0,5.0,6.8,25.0,121.0,29.0,8.0,3.8,6.3,28.0,57045.0,72.3,44.0,21.0,14.0,83.0,42.0,22.0,67.3,20000.0
22079,Louisiana,Rapides,15366.0,4.5,6.2,23.0,128.0,84.0,8.0,3.5,5.4,26.0,52379.0,70.4,54.0,25.0,16.0,86.0,42.0,20.0,39.8,126260.0
22081,Louisiana,Red River,12457.0,5.4,6.9,27.0,112.0,40.0,8.0,3.5,8.1,34.0,46817.0,71.6,,27.0,,78.0,46.0,24.0,100.0,7356.0
22083,Louisiana,Richland,13499.0,5.5,6.9,26.0,98.0,66.0,9.0,4.6,5.3,37.0,45093.0,71.5,34.0,21.0,11.0,81.0,43.0,23.0,100.0,19712.0
22085,Louisiana,Sabine,13189.0,5.4,6.9,25.0,99.0,14.0,10.0,3.8,5.9,25.0,53183.0,72.0,,17.0,9.0,100.0,46.0,23.0,100.0,21906.0
22087,Louisiana,St. Bernard,13013.0,5.1,6.9,26.0,137.0,25.0,9.0,4.2,5.5,26.0,52139.0,73.2,88.0,19.0,12.0,93.0,44.0,22.0,5.4,44463.0
22089,Louisiana,St. Charles,9796.0,4.3,6.3,18.0,88.0,34.0,5.0,3.2,4.8,19.0,81482.0,75.3,45.0,17.0,9.0,91.0,37.0,16.0,17.8,50620.0
22091,Louisiana,St. Helena,19092.0,5.2,6.8,27.0,163.0,18.0,8.0,5.3,6.5,35.0,46835.0,70.0,53.0,40.0,27.0,83.0,46.0,23.0,100.0,10774.0
22093,Louisiana,St. James,11082.0,4.4,6.1,22.0,108.0,25.0,6.0,4.5,5.2,23.0,64089.0,74.5,38.0,24.0,19.0,95.0,44.0,19.0,49.6,19191.0
22095,Louisiana,St. John the Baptist,11024.0,4.6,6.4,24.0,98.0,33.0,7.0,4.4,4.1,28.0,63183.0,73.6,31.0,26.0,20.0,67.0,44.0,20.0,11.7,39592.0
22097,Louisiana,St. Landry,16089.0,5.6,7.1,27.0,121.0,67.0,9.0,4.5,6.1,30.0,43051.0,69.6,40.0,30.0,16.0,82.0,48.0,23.0,59.2,81464.0
22099,Louisiana,St. Martin,11427.0,4.7,6.2,23.0,102.0,21.0,8.0,3.6,5.5,27.0,54516.0,73.3,39.0,20.0,12.0,82.0,41.0,21.0,52.2,51057.0
22101,Louisiana,St. Mary,13601.0,5.2,6.7,28.0,108.0,44.0,9.0,4.2,5.8,31.0,51179.0,71.8,48.0,25.0,12.0,93.0,45.0,25.0,19.5,47055.0
22103,Louisiana,St. Tammany,8688.0,4.6,6.5,19.0,115.0,77.0,8.0,3.3,4.5,15.0,78484.0,76.5,51.0,17.0,6.0,80.0,35.0,16.0,23.0,275583.0
22105,Louisiana,Tangipahoa,13160.0,4.7,6.6,22.0,124.0,40.0,8.0,4.3,5.5,26.0,55432.0,72.1,66.0,22.0,13.0,73.0,42.0,19.0,46.0,138064.0
22107,Louisiana,Tensas,13775.0,5.7,6.9,34.0,91.0,25.0,10.0,5.1,5.3,47.0,35670.0,72.3,,,,,47.0,29.0,100.0,3764.0
22109,Louisiana,Terrebonne,11984.0,5.0,6.6,21.0,107.0,48.0,10.0,3.4,4.9,22.0,62566.0,73.2,55.0,17.0,11.0,86.0,41.0,19.0,20.7,103616.0
22111,Louisiana,Union,14499.0,5.2,6.8,24.0,91.0,19.0,7.0,4.2,6.4,29.0,52753.0,71.1,25.0,22.0,8.0,91.0,44.0,22.0,100.0,20650.0
22113,Louisiana,Vermilion,10384.0,4.9,6.7,22.0,81.0,42.0,8.0,3.6,5.3,24.0,53711.0,74.1,33.0,18.0,6.0,97.0,39.0,20.0,55.9,56992.0
22115,Louisiana,Vernon,11102.0,4.7,6.3,21.0,80.0,27.0,8.0,4.6,4.7,21.0,55872.0,73.0,21.0,17.0,6.0,98.0,40.0,19.0,57.8,46250.0
22117,Louisiana,Washington,17972.0,5.6,7.1,25.0,178.0,20.0,7.0,4.3,5.6,31.0,45073.0,68.9,77.0,31.0,17.0,81.0,43.0,21.0,75.8,44865.0
22119,Louisiana,Webster,15964.0,5.5,6.8,28.0,97.0,64.0,8.0,4.4,5.3,29.0,47088.0,69.5,15.0,29.0,6.0,88.0,46.0,25.0,49.7,35238.0
22121,Louisiana,West Baton Rouge,11218.0,4.4,6.2,22.0,121.0,18.0,6.0,3.3,4.1,19.0,73173.0,74.5,45.0,22.0,17.0,85.0,41.0,20.0,26.1,28266.0
22123,Louisiana,West Carroll,12774.0,5.3,6.7,27.0,115.0,52.0,9.0,6.2,5.2,30.0,47030.0,71.7,37.0,23.0,,98.0,41.0,26.0,100.0,9323.0
22125,Louisiana,West Feliciana,14259.0,4.1,5.8,20.0,136.0,52.0,5.0,2.6,4.6,19.0,74368.0,73.7,71.0,18.0,14.0,93.0,40.0,18.0,100.0,15371.0
22127,Louisiana,Winn,15958.0,5.0,6.6,25.0,117.0,44.0,8.0,4.2,6.3,31.0,48430.0,70.1,37.0,23.0,10.0,93.0,44.0,23.0,66.0,13216.0
28001,Mississippi,Adams,14568.0,4.6,5.6,27.0,136.0,77.0,15.0,4.4,6.7,32.0,44385.0,71.0,21.0,41.0,29.0,88.0,44.0,19.0,36.5,28746.0
28003,Mississippi,Alcorn,12635.0,4.5,5.2,22.0,112.0,44.0,14.0,3.0,5.2,23.0,48556.0,72.1,18.0,28.0,11.0,92.0,42.0,19.0,64.1,34135.0
28005,Mississippi,Amite,15674.0,4.6,5.4,27.0,100.0,16.0,15.0,4.0,6.1,29.0,46108.0,72.1,,21.0,13.0,88.0,45.0,23.0,100.0,12442.0
28007,Mississippi,Attala,13490.0,4.5,5.3,25.0,116.0,51.0,14.0,3.6,6.4,28.0,52128.0,71.0,21.0,19.0,13.0,91.0,44.0,21.0,62.5,17359.0
28009,Mississippi,Benton,15037.0,4.6,5.5,23.0,150.0,13.0,18.0,3.7,4.4,30.0,47969.0,70.7,,,18.0,78.0,44.0,18.0,100.0,7438.0
28011,Mississippi,Bolivar,19769.0,4.6,5.1,25.0,115.0,49.0,14.0,3.6,7.0,45.0,39920.0,67.0,16.0,40.0,27.0,80.0,46.0,17.0,53.7,28968.0
28013,Mississippi,Calhoun,15132.0,4.7,5.5,28.0,123.0,15.0,17.0,3.4,4.7,26.0,46966.0,70.5,25.0,25.0,11.0,88.0,42.0,23.0,100.0,12685.0
28015,Mississippi,Carroll,15020.0,4.7,5.3,29.0,122.0,20.0,15.0,3.9,6.3,24.0,55290.0,72.0,,37.0,20.0,78.0,42.0,24.0,100.0,9535.0
28017,Mississippi,Chickasaw,14343.0,4.7,5.7,28.0,106.0,59.0,14.0,4.2,5.8,26.0,44599.0,71.0,,27.0,19.0,,47.0,22.0,100.0,16866.0
28019,Mississippi,Choctaw,11827.0,4.4,5.3,22.0,135.0,12.0,13.0,2.7,4.7,27.0,50545.0,73.8,,25.0,,98.0,42.0,19.0,100.0,8088.0
28021,Mississippi,Claiborne,18809.0,4.9,5.6,28.0,110.0,45.0,12.0,7.3,4.2,42.0,28579.0,68.6,,38.0,29.0,93.0,51.0,19.0,100.0,8617.0
28023,Mississippi,Clarke,14176.0,4.4,5.4,23.0,131.0,19.0,13.0,3.6,5.3,27.0,47811.0,71.6,26.0,27.0,11.0,89.0,45.0,19.0,100.0,15228.0
28025,Mississippi,Clay,12574.0,4.6,5.2,28.0,85.0,38.0,12.0,3.3,5.0,31.0,52673.0,72.5,,22.0,9.0,88.0,43.0,21.0,56.4,18206.0
28027,Mississippi,Coahoma,22826.0,5.0,5.8,33.0,122.0,43.0,14.0,4.9,5.9,43.0,35552.0,65.3,16.0,39.0,33.0,89.0,48.0,24.0,32.6,20077.0
28029,Mississippi,Copiah,15985.0,4.4,5.3,24.0,116.0,25.0,13.0,3.5,5.9,31.0,47870.0,70.7,18.0,37.0,20.0,83.0,46.0,18.0,82.2,27664.0
28031,Mississippi,Covington,15927.0,4.5,5.6,24.0,140.0,44.0,13.0,2.7,7.1,30.0,48382.0,68.9,24.0,29.0,18.0,83.0,41.0,20.0,100.0,18059.0
28033,Mississippi,DeSoto,10785.0,3.7,5.0,19.0,85.0,26.0,11.0,2.8,4.1,12.0,81956.0,73.9,33.0,21.0,10.0,93.0,40.0,15.0,21.9,193247.0
28035,Mississippi,Forrest,13611.0,4.2,5.4,22.0,93.0,87.0,12.0,3.0,5.2,21.0,51328.0,71.4,22.0,22.0,13.0,95.0,44.0,17.0,34.6,78208.0
28037,Mississippi,Franklin,13144.0,4.5,5.4,25.0,135.0,13.0,14.0,4.3,4.8,25.0,48075.0,71.5,,29.0,19.0,88.0,42.0,21.0,100.0,7610.0
28039,Mississippi,George,13728.0,4.5,5.4,22.0,123.0,44.0,14.0,3.9,5.1,19.0,63349.0,70.4,26.0,18.0,7.0,96.0,40.0,18.0,100.0,25619.0
28041,Mississippi,Greene,9854.0,4.3,5.2,22.0,74.0,7.0,12.0,4.1,5.3,25.0,54057.0,74.7,,,,88.0,43.0,20.0,100.0,13601.0
28043,Mississippi,Grenada,16291.0,4.5,5.4,28.0,117.0,37.0,14.0,3.5,4.4,29.0,49210.0,69.2,29.0,33.0,22.0,83.0,45.0,22.0,52.5,21065.0
28045,Mississippi,Hancock,11583.0,3.9,5.1,22.0,110.0,43.0,12.0,3.3,4.7,20.0,61126.0,74.3,44.0,26.0,9.0,88.0,36.0,20.0,38.3,46159.0
28047,Mississippi,Harrison,11925.0,4.5,5.7,21.0,97.0,56.0,14.0,2.9,4.8,20.0,56692.0,73.0,37.0,21.0,10.0,90.0,35.0,18.0,19.2,210612.0
28049,Mississippi,Hinds,16086.0,3.9,5.2,27.0,127.0,89.0,13.0,3.1,4.9,30.0,50965.0,70.8,24.0,55.0,41.0,86.0,47.0,21.0,17.6,214870.0
28051,Mississippi,Holmes,22286.0,5.0,5.6,34.0,151.0,55.0,14.0,5.7,7.6,46.0,30542.0,65.7,,51.0,44.0,92.0,53.0,24.0,100.0,15777.0
28053,Mississippi,Humphreys,21431.0,5.6,5.8,36.0,113.0,53.0,15.0,6.6,5.6,47.0,31538.0,66.6,,38.0,25.0,83.0,51.0,26.0,100.0,7216.0
28055,Mississippi,Issaquena,,4.9,5.3,30.0,,0.0,23.0,7.5,5.4,63.0,36986.0,,,,,,46.0,24.0,100.0,1256.0
28057,Mississippi,Itawamba,10759.0,4.1,5.3,22.0,106.0,17.0,13.0,2.9,4.2,17.0,56977.0,72.9,,16.0,,88.0,38.0,20.0,100.0,24093.0
28059,Mississippi,Jackson,11607.0,4.0,5.1,19.0,117.0,46.0,13.0,3.3,4.6,18.0,66751.0,73.5,53.0,21.0,10.0,91.0,38.0,17.0,30.3,146389.0
28061,Mississippi,Jasper,16605.0,4.2,5.1,25.0,102.0,18.0,12.0,3.7,5.6,28.0,46577.0,69.6,,21.0,9.0,89.0,44.0,20.0,100.0,16013.0
28063,Mississippi,Jefferson,16287.0,5.0,5.4,31.0,124.0,28.0,15.0,11.9,4.6,40.0,37617.0,71.9,,,20.0,93.0,52.0,22.0,100.0,6941.0
28065,Mississippi,Jefferson Davis,17892.0,4.6,5.4,26.0,180.0,27.0,14.0,4.0,4.8,38.0,39794.0,70.9,30.0,32.0,26.0,88.0,44.0,20.0,100.0,10969.0
28067,Mississippi,Jones,13749.0,4.4,5.2,21.0,96.0,49.0,13.0,3.2,5.3,25.0,50310.0,71.5,16.0,24.0,8.0,91.0,43.0,16.0,62.5,66250.0
28069,Mississippi,Kemper,10438.0,4.4,5.3,24.0,64.0,11.0,13.0,4.6,5.5,36.0,42461.0,75.7,,,,98.0,47.0,19.0,100.0,8584.0
28071,Mississippi,Lafayette,8273.0,3.7,5.2,19.0,68.0,70.0,14.0,2.5,5.9,15.0,72838.0,76.0,15.0,11.0,5.0,89.0,40.0,15.0,39.9,58467.0
28073,Mississippi,Lamar,8657.0,3.6,4.8,19.0,73.0,124.0,13.0,2.5,4.6,15.0,63079.0,77.2,26.0,18.0,6.0,90.0,40.0,17.0,53.7,66217.0
28075,Mississippi,Lauderdale,14389.0,4.5,5.5,25.0,97.0,101.0,13.0,3.2,6.3,33.0,51437.0,71.3,9.0,32.0,22.0,90.0,39.0,21.0,53.7,70527.0
28077,Mississippi,Lawrence,14242.0,4.7,5.6,27.0,120.0,17.0,13.0,3.8,5.6,26.0,49431.0,70.3,28.0,33.0,15.0,88.0,43.0,23.0,100.0,11741.0
28079,Mississippi,Leake,14204.0,4.4,5.4,27.0,115.0,24.0,16.0,3.2,4.2,30.0,47849.0,71.2,,33.0,19.0,88.0,45.0,21.0,100.0,21258.0
28081,Mississippi,Lee,12357.0,3.8,5.1,22.0,98.0,118.0,13.0,2.8,4.9,18.0,64744.0,72.1,21.0,18.0,11.0,88.0,41.0,18.0,51.7,82799.0
28083,Mississippi,Leflore,21369.0,5.0,5.5,35.0,160.0,80.0,12.0,4.9,7.0,39.0,33945.0,65.6,15.0,70.0,48.0,88.0,46.0,25.0,31.3,26378.0
28085,Mississippi,Lincoln,13025.0,4.3,5.5,23.0,109.0,40.0,14.0,3.1,6.4,24.0,52040.0,71.7,18.0,31.0,21.0,87.0,43.0,21.0,70.9,34702.0
28087,Mississippi,Lowndes,13170.0,4.1,5.0,21.0,103.0,48.0,11.0,3.3,6.0,27.0,53883.0,72.5,19.0,25.0,13.0,90.0,44.0,18.0,54.3,57283.0
28089,Mississippi,Madison,8220.0,3.2,4.2,16.0,67.0,129.0,10.0,2.5,4.8,13.0,82057.0,75.5,14.0,18.0,11.0,90.0,37.0,14.0,25.8,112511.0
28091,Mississippi,Marion,17140.0,4.7,5.7,26.0,130.0,37.0,14.0,3.2,4.5,27.0,47020.0,68.9,34.0,26.0,14.0,92.0,44.0,23.0,74.5,24224.0
28093,Mississippi,Marshall,16967.0,4.3,5.4,26.0,129.0,15.0,14.0,3.6,5.2,31.0,52334.0,69.7,19.0,31.0,19.0,90.0,44.0,21.0,83.5,34123.0
28095,Mississippi,Monroe,13062.0,4.4,5.6,24.0,110.0,50.0,14.0,3.8,5.0,24.0,50639.0,71.8,17.0,23.0,9.0,90.0,41.0,20.0,82.5,33609.0
28097,Mississippi,Montgomery,17472.0,5.0,5.6,30.0,115.0,51.0,16.0,3.5,6.8,33.0,46424.0,68.8,,43.0,30.0,83.0,46.0,22.0,100.0,9600.0
28099,Mississippi,Neshoba,20815.0,5.1,5.6,28.0,115.0,55.0,15.0,3.5,5.5,28.0,49446.0,66.5,16.0,24.0,12.0,91.0,42.0,24.0,75.5,28789.0
28101,Mississippi,Newton,15917.0,4.4,5.3,26.0,125.0,14.0,13.0,3.6,4.3,24.0,49338.0,69.9,,23.0,14.0,90.0,44.0,22.0,100.0,21019.0
28103,Mississippi,Noxubee,13965.0,4.6,5.3,29.0,107.0,10.0,16.0,4.7,6.1,37.0,37567.0,71.3,,25.0,18.0,83.0,47.0,21.0,100.0,9914.0
28105,Mississippi,Oktibbeha,9967.0,4.1,5.2,23.0,60.0,41.0,13.0,3.3,8.4,25.0,47584.0,75.2,,14.0,7.0,86.0,41.0,19.0,36.6,51203.0
28107,Mississippi,Panola,14531.0,4.8,5.3,28.0,123.0,21.0,14.0,3.9,5.4,36.0,46097.0,70.5,16.0,24.0,17.0,88.0,46.0,21.0,81.1,32669.0
28109,Mississippi,Pearl River,14930.0,4.2,5.3,21.0,140.0,25.0,15.0,3.0,5.2,23.0,54266.0,70.7,73.0,16.0,9.0,85.0,40.0,18.0,71.0,57978.0
28111,Mississippi,Perry,15413.0,4.6,5.8,27.0,101.0,9.0,13.0,3.8,4.2,28.0,46201.0,70.4,,,,80.0,42.0,23.0,100.0,11315.0
28113,Mississippi,Pike,15463.0,4.8,5.5,29.0,117.0,38.0,15.0,4.0,6.0,34.0,41815.0,69.7,35.0,33.0,22.0,86.0,46.0,23.0,62.0,39394.0
28115,Mississippi,Pontotoc,11381.0,4.4,5.5,21.0,102.0,19.0,15.0,2.7,4.1,19.0,51490.0,72.7,22.0,15.0,5.0,85.0,43.0,18.0,100.0,31535.0
28117,Mississippi,Prentiss,13055.0,4.4,5.5,23.0,102.0,32.0,13.0,2.8,4.7,24.0,50292.0,72.0,24.0,17.0,7.0,86.0,40.0,20.0,74.3,25135.0
28119,Mississippi,Quitman,18894.0,5.0,5.6,32.0,118.0,,15.0,4.8,5.6,46.0,35150.0,66.9,,,,,50.0,23.0,100.0,5546.0
28121,Mississippi,Rankin,8369.0,3.5,5.0,19.0,74.0,56.0,11.0,2.3,4.0,11.0,70794.0,76.9,25.0,17.0,6.0,93.0,36.0,16.0,33.0,160417.0
28123,Mississippi,Scott,14974.0,4.8,5.4,28.0,114.0,18.0,15.0,2.6,4.7,28.0,48112.0,70.7,,16.0,15.0,83.0,46.0,21.0,100.0,27507.0
28125,Mississippi,Sharkey,21606.0,5.0,5.5,35.0,145.0,27.0,14.0,6.2,6.0,52.0,37098.0,66.7,,50.0,38.0,88.0,50.0,25.0,100.0,3336.0
28127,Mississippi,Simpson,15238.0,4.4,5.4,24.0,107.0,31.0,14.0,3.0,4.1,28.0,53352.0,70.6,21.0,26.0,11.0,90.0,42.0,20.0,100.0,25715.0
28129,Mississippi,Smith,13495.0,4.5,5.7,25.0,126.0,7.0,14.0,2.8,5.3,24.0,53814.0,72.8,27.0,30.0,9.0,93.0,42.0,22.0,100.0,14099.0
28131,Mississippi,Stone,13553.0,4.5,5.5,23.0,100.0,32.0,15.0,3.4,5.1,22.0,56686.0,71.5,31.0,22.0,,88.0,41.0,20.0,100.0,18756.0
28133,Mississippi,Sunflower,18895.0,4.6,5.1,30.0,132.0,35.0,13.0,4.6,6.5,40.0,43980.0,67.2,,40.0,36.0,87.0,48.0,23.0,64.0,24468.0
28135,Mississippi,Tallahatchie,13696.0,4.6,5.2,29.0,114.0,8.0,14.0,3.3,4.1,40.0,42319.0,71.0,,23.0,22.0,80.0,45.0,23.0,100.0,11837.0
28137,Mississippi,Tate,14233.0,4.2,5.1,23.0,126.0,25.0,13.0,3.3,4.5,20.0,62784.0,70.8,33.0,25.0,13.0,87.0,40.0,20.0,75.7,28261.0
28139,Mississippi,Tippah,13004.0,4.6,5.5,24.0,85.0,9.0,17.0,2.8,4.1,26.0,53452.0,71.5,,23.0,13.0,95.0,42.0,21.0,100.0,21287.0
28141,Mississippi,Tishomingo,14574.0,4.6,5.6,21.0,139.0,27.0,17.0,3.2,6.6,18.0,47264.0,69.7,25.0,25.0,,93.0,40.0,19.0,100.0,18507.0
28143,Mississippi,Tunica,21013.0,5.0,5.7,34.0,133.0,10.0,12.0,3.5,6.0,42.0,39659.0,66.6,,33.0,28.0,88.0,50.0,24.0,100.0,9234.0
28145,Mississippi,Union,11353.0,4.3,5.1,21.0,100.0,36.0,13.0,2.3,4.0,20.0,55304.0,73.4,14.0,20.0,,92.0,40.0,16.0,75.7,28284.0
28147,Mississippi,Walthall,16710.0,4.4,5.3,25.0,122.0,51.0,16.0,4.1,7.2,31.0,48909.0,70.2,29.0,27.0,11.0,88.0,41.0,21.0,100.0,13863.0
28149,Mississippi,Warren,14893.0,3.8,5.2,22.0,101.0,67.0,12.0,3.4,5.5,32.0,55783.0,70.9,14.0,32.0,18.0,89.0,42.0,18.0,42.5,42298.0
28151,Mississippi,Washington,20282.0,4.7,5.4,27.0,143.0,41.0,14.0,4.9,5.5,47.0,39081.0,66.9,9.0,58.0,47.0,82.0,45.0,19.0,34.8,41946.0
28153,Mississippi,Wayne,15308.0,4.7,5.6,25.0,109.0,30.0,16.0,3.6,5.9,31.0,45573.0,70.9,20.0,31.0,14.0,90.0,46.0,21.0,100.0,19703.0
28155,Mississippi,Webster,16006.0,4.2,5.1,22.0,114.0,40.0,14.0,3.1,4.4,23.0,54929.0,69.0,,24.0,,93.0,40.0,19.0,100.0,9988.0
28157,Mississippi,Wilkinson,18459.0,4.8,5.3,29.0,156.0,36.0,13.0,5.5,5.2,37.0,36240.0,68.6,,50.0,42.0,88.0,49.0,23.0,100.0,8058.0
28159,Mississippi,Winston,13717.0,4.6,5.3,27.0,102.0,28.0,14.0,3.4,5.5,42.0,48990.0,72.3,,20.0,15.0,88.0,45.0,22.0,100.0,17416.0
28161,Mississippi,Yalobusha,16349.0,4.5,5.6,26.0,145.0,8.0,12.0,3.5,5.0,28.0,50790.0,69.7,,34.0,,90.0,43.0,22.0,100.0,12386.0
28163,Mississippi,Yazoo,14590.0,4.9,5.3,30.0,119.0,23.0,13.0,3.4,5.8,34.0,42434.0,70.3,25.0,35.0,27.0,81.0,45.0,24.0,43.7,25796.0
35001,New Mexico,Bernalillo,11524.0,4.3,5.5,18.0,140.0,106.0,10.0,3.5,5.2,18.0,68286.0,75.1,62.0,26.0,14.0,,28.0,14.0,4.0,671586.0
35003,New Mexico,Catron,,5.1,6.2,22.0,213.0,,8.0,4.9,4.6,34.0,45802.0,77.2,,66.0,,,33.0,22.0,100.0,3825.0
35005,New Mexico,Chaves,13484.0,4.9,5.6,24.0,126.0,62.0,11.0,3.8,5.8,25.0,51179.0,72.2,40.0,33.0,17.0,,42.0,18.0,25.1,63561.0
35006,New Mexico,Cibola,16697.0,5.5,6.5,26.0,141.0,48.0,9.0,5.2,6.0,31.0,47530.0,70.7,34.0,22.0,12.0,,38.0,23.0,63.3,26780.0
35007,New Mexico,Colfax,13075.0,4.6,5.6,20.0,144.0,40.0,10.0,3.4,3.8,26.0,54255.0,75.2,55.0,28.0,,,36.0,16.0,54.6,12255.0
35009,New Mexico,Curry,12340.0,4.8,5.5,20.0,105.0,42.0,11.0,2.9,4.9,22.0,53858.0,72.6,37.0,21.0,8.0,,35.0,16.0,18.8,47222.0
35011,New Mexico,De Baca,,4.9,6.1,21.0,117.0,60.0,13.0,3.3,5.4,31.0,48234.0,71.6,,,,,33.0,18.0,100.0,1657.0
35013,New Mexico,Dona Ana,9397.0,4.6,5.3,21.0,83.0,62.0,12.0,4.3,5.5,24.0,56233.0,76.0,24.0,17.0,5.0,,36.0,15.0,22.5,225210.0
35015,New Mexico,Eddy,12798.0,4.6,5.6,22.0,132.0,30.0,11.0,2.6,5.6,19.0,66485.0,72.7,31.0,31.0,13.0,,39.0,17.0,22.0,60275.0
35017,New Mexico,Grant,12951.0,4.9,5.6,22.0,142.0,65.0,9.0,3.5,5.4,27.0,48454.0,74.3,36.0,32.0,9.0,,35.0,18.0,40.4,27472.0
35019,New Mexico,Guadalupe,12651.0,5.0,5.5,25.0,129.0,45.0,9.0,4.0,5.3,30.0,43463.0,73.9,,,,,36.0,18.0,100.0,4292.0
35021,New Mexico,Harding,,4.7,5.6,22.0,,0.0,11.0,3.7,6.4,27.0,47606.0,,,,,,35.0,18.0,100.0,624.0
35023,New Mexico,Hidalgo,10844.0,5.1,5.8,24.0,131.0,25.0,11.0,3.3,5.0,33.0,45343.0,75.0,,,,,35.0,18.0,100.0,3965.0
35025,New Mexico,Lea,12673.0,4.8,5.4,24.0,111.0,30.0,13.0,3.5,5.3,20.0,60820.0,72.6,30.0,22.0,11.0,,36.0,18.0,24.9,72101.0
35027,New Mexico,Lincoln,12621.0,4.6,6.0,19.0,136.0,64.0,12.0,3.2,5.0,28.0,59386.0,75.8,43.0,36.0,8.0,,31.0,16.0,45.5,20029.0
35028,New Mexico,Los Alamos,3583.0,2.9,4.6,9.0,72.0,155.0,2.0,1.9,3.2,3.0,146208.0,83.0,,,,,22.0,8.0,5.0,19444.0
35029,New Mexico,Luna,13152.0,5.7,5.9,30.0,136.0,16.0,12.0,10.0,4.1,38.0,38641.0,72.1,24.0,33.0,10.0,,39.0,21.0,41.3,25316.0
35031,New Mexico,McKinley,27593.0,6.3,7.1,32.0,201.0,82.0,14.0,5.2,7.5,42.0,41427.0,63.9,31.0,19.0,20.0,,37.0,31.0,66.5,68797.0
35033,New Mexico,Mora,14982.0,4.8,5.5,23.0,142.0,,6.0,5.0,4.9,28.0,45685.0,76.1,,,,,37.0,14.0,100.0,4123.0
35035,New Mexico,Otero,11128.0,4.6,5.6,21.0,108.0,45.0,9.0,4.0,4.3,31.0,51298.0,74.9,27.0,25.0,7.0,,39.0,19.0,54.6,68835.0
35037,New Mexico,Quay,16627.0,5.0,6.0,24.0,131.0,12.0,10.0,4.2,6.6,33.0,43312.0,70.3,47.0,41.0,17.0,,36.0,20.0,40.3,8510.0
35039,New Mexico,Rio Arriba,21299.0,5.0,5.9,25.0,213.0,50.0,9.0,3.4,5.8,27.0,51703.0,69.3,111.0,21.0,16.0,,39.0,18.0,56.4,39876.0
35041,New Mexico,Roosevelt,10941.0,4.8,5.7,21.0,98.0,42.0,11.0,3.6,5.5,26.0,51111.0,74.4,21.0,20.0,8.0,,34.0,18.0,36.4,18787.0
35043,New Mexico,Sandoval,9511.0,4.4,5.7,19.0,102.0,66.0,8.0,3.6,3.8,16.0,81557.0,76.8,27.0,22.0,7.0,,31.0,16.0,19.2,155936.0
35045,New Mexico,San Juan,18277.0,5.4,6.3,25.0,154.0,53.0,13.0,4.2,4.9,26.0,57296.0,69.8,34.0,23.0,12.0,,38.0,25.0,35.2,120675.0
35047,New Mexico,San Miguel,14085.0,5.2,5.8,22.0,159.0,48.0,9.0,4.6,6.6,30.0,46318.0,74.1,73.0,27.0,14.0,,35.0,14.0,46.6,26668.0
35049,New Mexico,Santa Fe,8950.0,4.2,5.5,16.0,111.0,110.0,12.0,3.4,5.0,19.0,78366.0,79.3,46.0,19.0,6.0,,23.0,11.0,35.0,155956.0
35051,New Mexico,Sierra,17438.0,4.8,5.8,21.0,194.0,43.0,9.0,6.0,5.2,35.0,40498.0,69.6,68.0,36.0,,,34.0,20.0,33.4,11488.0
35053,New Mexico,Socorro,17605.0,5.4,6.2,27.0,171.0,43.0,10.0,4.2,6.8,32.0,46070.0,71.0,88.0,27.0,,,35.0,22.0,51.1,15963.0
35055,New Mexico,Taos,12930.0,4.5,5.7,19.0,145.0,87.0,11.0,4.4,6.5,23.0,53935.0,76.5,52.0,26.0,12.0,,29.0,15.0,54.6,34405.0
35057,New Mexico,Torrance,14503.0,5.2,5.9,25.0,149.0,7.0,9.0,5.1,4.2,32.0,44780.0,72.8,32.0,35.0,12.0,,35.0,20.0,100.0,15633.0
35059,New Mexico,Union,12002.0,4.9,5.6,25.0,94.0,24.0,12.0,3.1,4.9,25.0,45458.0,73.8,,,,,35.0,21.0,100.0,3964.0
35061,New Mexico,Valencia,11779.0,4.6,5.6,20.0,114.0,30.0,11.0,4.1,4.5,24.0,56785.0,74.5,44.0,24.0,11.0,,36.0,16.0,30.0,79141.0
36001,New York,Albany,7276.0,3.7,5.2,12.0,61.0,96.0,5.0,3.3,4.6,15.0,81193.0,78.5,30.0,7.0,4.0,89.0,34.0,13.0,9.6,316659.0
36003,New York,Allegany,8271.0,4.4,6.0,16.0,73.0,35.0,5.0,4.3,4.4,17.0,57488.0,76.8,19.0,12.0,,91.0,34.0,17.0,88.5,46651.0
36005,New York,Bronx,9451.0,5.1,5.6,28.0,74.0,58.0,7.0,6.8,7.3,36.0,46894.0,76.7,53.0,6.0,8.0,78.0,37.0,16.0,0.0,1356476.0
36007,New York,Broome,9128.0,4.2,6.1,15.0,79.0,79.0,5.0,3.9,5.1,20.0,63590.0,76.5,46.0,5.0,2.0,84.0,33.0,16.0,24.9,196077.0
36009,New York,Cattaraugus,10681.0,4.5,6.0,17.0,75.0,43.0,7.0,4.3,4.8,26.0,55944.0,74.5,31.0,9.0,,89.0,37.0,19.0,61.8,75600.0
36011,New York,Cayuga,7892.0,4.4,6.1,18.0,67.0,29.0,6.0,3.6,4.6,18.0,66431.0,77.6,33.0,6.0,,84.0,41.0,18.0,58.8,74485.0
36013,New York,Chautauqua,9667.0,4.4,5.7,18.0,86.0,63.0,6.0,4.3,4.8,23.0,56040.0,75.7,45.0,8.0,2.0,86.0,35.0,18.0,44.1,124891.0
36015,New York,Chemung,9852.0,4.3,5.5,17.0,95.0,78.0,5.0,4.0,4.6,22.0,60456.0,75.0,40.0,8.0,4.0,83.0,34.0,16.0,25.9,81325.0
36017,New York,Chenango,10172.0,4.4,5.8,17.0,84.0,30.0,5.0,3.5,4.2,19.0,57407.0,74.9,42.0,11.0,,87.0,38.0,19.0,83.4,45920.0
36019,New York,Clinton,7270.0,4.0,5.9,17.0,64.0,80.0,5.0,3.5,4.9,16.0,64282.0,77.8,24.0,5.0,,87.0,42.0,19.0,63.7,78115.0
36021,New York,Columbia,7810.0,3.8,5.6,14.0,68.0,40.0,6.0,3.0,4.9,18.0,73112.0,79.2,24.0,7.0,,89.0,33.0,15.0,82.8,60470.0
36023,New York,Cortland,8256.0,4.1,5.9,16.0,61.0,37.0,5.0,4.2,4.3,17.0,63890.0,76.2,29.0,,,89.0,34.0,17.0,46.9,45752.0
36025,New York,Delaware,8915.0,4.5,5.8,15.0,85.0,38.0,6.0,4.0,4.8,22.0,56163.0,76.7,30.0,13.0,,90.0,36.0,16.0,90.5,44410.0
36027,New York,Dutchess,6546.0,3.9,5.5,13.0,78.0,71.0,5.0,3.3,4.6,9.0,96374.0,79.3,40.0,7.0,2.0,88.0,34.0,12.0,31.7,297150.0
36029,New York,Erie,8238.0,4.1,5.6,15.0,75.0,73.0,4.0,3.8,5.0,18.0,70443.0,77.0,34.0,9.0,7.0,89.0,33.0,16.0,10.3,946147.0
36031,New York,Essex,7206.0,4.1,5.6,15.0,71.0,51.0,5.0,3.8,4.4,17.0,70902.0,78.4,25.0,6.0,,,36.0,18.0,86.5,36775.0
36033,New York,Franklin,7951.0,4.6,6.1,18.0,61.0,53.0,6.0,3.8,4.5,19.0,63624.0,77.3,19.0,7.0,,88.0,37.0,18.0,70.2,46502.0
36035,New York,Fulton,9922.0,4.2,5.5,19.0,71.0,32.0,6.0,4.4,4.3,20.0,63409.0,75.0,30.0,9.0,3.0,81.0,36.0,21.0,50.7,52234.0
36037,New York,Genesee,7591.0,4.1,5.6,16.0,81.0,31.0,4.0,3.3,4.0,14.0,71749.0,77.4,26.0,5.0,,95.0,35.0,17.0,62.1,57529.0
36039,New York,Greene,8286.0,4.1,5.6,15.0,83.0,29.0,5.0,3.8,5.1,19.0,70789.0,77.6,37.0,7.0,,84.0,32.0,15.0,73.2,47062.0
36041,New York,Hamilton,,4.2,5.8,17.0,81.0,39.0,9.0,5.0,3.9,14.0,68529.0,78.4,,,,,37.0,18.0,100.0,5082.0
36043,New York,Herkimer,7795.0,4.1,5.4,15.0,63.0,27.0,5.0,4.1,4.4,17.0,63771.0,77.6,22.0,7.0,,87.0,38.0,17.0,52.6,59484.0
36045,New York,Jefferson,7378.0,4.0,5.2,17.0,66.0,51.0,5.0,4.4,4.0,19.0,61664.0,77.3,25.0,6.0,2.0,88.0,37.0,18.0,49.4,114787.0
36047,New York,Kings,6345.0,4.2,5.2,17.0,44.0,63.0,6.0,5.5,6.8,27.0,76353.0,80.1,24.0,4.0,5.0,81.0,27.0,12.0,0.0,2561225.0
36049,New York,Lewis,7011.0,4.2,5.3,16.0,77.0,68.0,5.0,4.4,4.0,15.0,64941.0,78.9,13.0,8.0,,88.0,36.0,18.0,100.0,26548.0
36051,New York,Livingston,5954.0,4.1,5.5,15.0,67.0,45.0,4.0,3.5,4.1,12.0,70185.0,79.4,22.0,8.0,,92.0,32.0,16.0,71.4,61158.0
36053,New York,Madison,6940.0,4.0,5.8,14.0,68.0,74.0,4.0,3.7,4.5,13.0,73680.0,78.4,24.0,7.0,,89.0,34.0,16.0,69.2,66921.0
36055,New York,Monroe,7510.0,3.5,5.5,12.0,89.0,107.0,4.0,3.7,4.9,18.0,73263.0,78.2,36.0,9.0,7.0,88.0,36.0,12.0,8.1,748482.0
36057,New York,Montgomery,9219.0,4.6,5.6,19.0,67.0,52.0,5.0,4.6,4.8,23.0,61463.0,75.2,21.0,7.0,,87.0,36.0,19.0,45.4,49368.0
36059,New York,Nassau,4800.0,3.6,4.7,12.0,46.0,136.0,4.0,3.1,,6.0,140466.0,81.3,19.0,2.0,2.0,94.0,27.0,9.0,0.4,1381715.0
36061,New York,New York,4960.0,3.8,5.1,15.0,52.0,137.0,5.0,4.6,,20.0,100869.0,83.0,29.0,2.0,3.0,82.0,21.0,11.0,0.0,1597451.0
36063,New York,Niagara,9535.0,4.0,5.7,15.0,84.0,38.0,4.0,4.1,4.8,20.0,65932.0,75.4,40.0,9.0,5.0,84.0,35.0,15.0,30.0,209457.0
36065,New York,Oneida,8898.0,4.0,5.5,16.0,82.0,70.0,5.0,3.7,4.6,20.0,61566.0,76.3,35.0,8.0,4.0,86.0,38.0,15.0,34.4,227555.0
36067,New York,Onondaga,7762.0,4.0,5.9,16.0,81.0,92.0,4.0,3.5,5.0,19.0,74388.0,77.7,38.0,8.0,6.0,88.0,35.0,16.0,14.6,467873.0
36069,New York,Ontario,6296.0,3.7,5.6,14.0,63.0,83.0,4.0,3.3,4.0,10.0,79364.0,79.8,16.0,6.0,,93.0,34.0,14.0,44.9,112494.0
36071,New York,Orange,6631.0,3.9,5.1,14.0,66.0,67.0,5.0,3.4,4.8,19.0,93492.0,78.8,34.0,6.0,2.0,89.0,37.0,12.0,27.6,407470.0
36073,New York,Orleans,7355.0,4.4,6.0,15.0,61.0,7.0,6.0,4.0,4.4,15.0,65156.0,76.9,13.0,6.0,,93.0,36.0,16.0,66.5,39124.0
36075,New York,Oswego,9165.0,4.1,5.9,17.0,74.0,40.0,5.0,4.3,4.6,19.0,68613.0,76.2,33.0,5.0,2.0,86.0,39.0,17.0,62.7,118162.0
36077,New York,Otsego,8049.0,4.2,5.5,15.0,70.0,138.0,5.0,3.8,4.3,19.0,63863.0,77.7,26.0,8.0,3.0,86.0,36.0,14.0,72.7,60126.0
36079,New York,Putnam,4624.0,3.3,4.9,12.0,51.0,53.0,4.0,3.1,4.2,7.0,120930.0,81.6,23.0,3.0,,94.0,30.0,11.0,35.0,98060.0
36081,New York,Queens,5788.0,4.0,4.8,16.0,43.0,59.0,9.0,4.6,5.0,18.0,81399.0,81.2,20.0,3.0,3.0,86.0,25.0,11.0,0.0,2252196.0
36083,New York,Rensselaer,7122.0,4.0,5.4,14.0,62.0,48.0,4.0,3.3,4.6,16.0,82846.0,77.7,27.0,7.0,4.0,89.0,35.0,13.0,33.1,159305.0
36085,New York,Richmond,6376.0,3.8,5.2,14.0,55.0,81.0,5.0,4.9,5.0,18.0,93337.0,79.0,33.0,3.0,3.0,85.0,29.0,11.0,0.0,490687.0
36087,New York,Rockland,5423.0,3.9,5.1,17.0,48.0,85.0,5.0,3.1,5.4,23.0,105923.0,81.0,18.0,2.0,2.0,90.0,32.0,14.0,0.4,340807.0
36089,New York,St. Lawrence,8243.0,4.1,5.5,17.0,61.0,55.0,6.0,4.4,5.5,21.0,57832.0,76.8,22.0,6.0,,84.0,37.0,20.0,66.9,106940.0
36091,New York,Saratoga,5526.0,3.4,5.0,10.0,47.0,70.0,4.0,2.9,4.2,8.0,94394.0,80.2,17.0,3.0,1.0,92.0,32.0,11.0,28.5,238711.0
36093,New York,Schenectady,8452.0,3.7,5.3,13.0,60.0,80.0,5.0,3.5,4.4,19.0,74791.0,77.1,29.0,5.0,3.0,86.0,34.0,13.0,8.8,159902.0
36095,New York,Schoharie,7415.0,4.0,5.8,17.0,67.0,30.0,5.0,4.2,4.2,17.0,63768.0,78.9,24.0,11.0,,91.0,38.0,19.0,83.0,30105.0
36097,New York,Schuyler,7969.0,4.3,6.1,18.0,65.0,62.0,6.0,3.9,4.9,19.0,65210.0,76.5,24.0,,,91.0,38.0,20.0,100.0,17507.0
36099,New York,Seneca,7640.0,4.3,5.7,16.0,75.0,27.0,6.0,3.5,4.2,21.0,58581.0,77.6,19.0,7.0,,87.0,37.0,16.0,57.9,32349.0
36101,New York,Steuben,8363.0,4.1,5.7,15.0,72.0,56.0,5.0,4.0,4.5,19.0,64261.0,76.3,24.0,10.0,,91.0,37.0,17.0,59.8,92162.0
36103,New York,Suffolk,6453.0,3.7,5.1,13.0,72.0,71.0,6.0,3.4,4.2,9.0,123219.0,79.4,33.0,4.0,2.0,91.0,30.0,11.0,2.0,1523170.0
36105,New York,Sullivan,9701.0,4.2,5.5,17.0,110.0,33.0,6.0,3.3,5.1,21.0,68063.0,76.1,63.0,9.0,4.0,82.0,35.0,15.0,75.1,79920.0
36107,New York,Tioga,6676.0,3.9,5.5,13.0,67.0,27.0,4.0,3.4,4.3,18.0,67616.0,78.6,15.0,8.0,,92.0,35.0,14.0,66.4,47715.0
36109,New York,Tompkins,5563.0,3.9,5.2,14.0,59.0,80.0,5.0,3.1,5.6,13.0,68222.0,80.9,25.0,4.0,,87.0,33.0,13.0,44.1,103558.0
36111,New York,Ulster,7045.0,4.0,5.7,15.0,84.0,60.0,7.0,3.4,5.2,13.0,84593.0,78.8,43.0,7.0,2.0,87.0,32.0,14.0,56.1,182333.0
36113,New York,Warren,7391.0,3.8,5.1,16.0,55.0,111.0,5.0,3.7,4.6,15.0,73115.0,78.1,21.0,5.0,,85.0,35.0,18.0,32.2,65380.0
36115,New York,Washington,8493.0,4.0,5.4,15.0,71.0,36.0,5.0,3.4,3.9,16.0,71396.0,76.6,29.0,9.0,,86.0,36.0,16.0,75.5,60047.0
36117,New York,Wayne,8850.0,4.1,5.9,14.0,81.0,23.0,5.0,3.4,4.2,14.0,73028.0,77.2,25.0,8.0,3.0,87.0,37.0,15.0,74.8,90829.0
36119,New York,Westchester,4881.0,3.3,4.5,13.0,45.0,132.0,5.0,3.4,,11.0,114020.0,82.0,19.0,3.0,2.0,91.0,27.0,9.0,4.5,990817.0
36121,New York,Wyoming,6545.0,4.2,5.8,16.0,67.0,35.0,5.0,3.9,3.9,13.0,70775.0,78.1,20.0,6.0,,93.0,36.0,17.0,90.0,39532.0
36123,New York,Yates,6772.0,4.4,6.1,18.0,79.0,49.0,10.0,3.2,4.3,18.0,66155.0,78.1,,9.0,,80.0,35.0,18.0,68.6,24472.0
